,HQ3
0,7
1,7
2,3
3,14
4,0
5,0
6,0
7,0
8,0
9,0
10,2
11,0
12,3
13,3
14,14
15,0
16,0
17,0
18,14
19,10
20,15
21,9
22,0
23,0
24,7
25,10
26,3
27,8
28,10
29,0
30,0
31,3
32,3
33,0
34,7
35,3
36,0
37,0
38,0
39,14
40,3
41,0
42,7
43,7
44,0
45,3
46,14
47,0
48,0
49,0
50,0
51,0
52,7
53,0
54,10
55,0
56,0
57,5
58,0
59,0
60,0
61,17
62,0
63,0
64,0
65,0
66,8
67,7
68,7
69,3
70,11
71,7
72,0
73,0
74,7
75,0
76,2
77,0
78,0
79,0
80,3
81,3
82,0
83,10
84,0
85,3
86,0
87,0
88,3
89,0
90,8
91,6
92,0
93,0
94,0
95,14
96,7
97,7
98,0
99,7
100,0
101,14
102,7
103,13
104,7
105,7
106,7
107,0
108,3
109,0
110,0
111,3
112,0
113,0
114,3
115,0
116,21
117,0
118,0
119,3
120,0
121,0
122,7
123,0
124,3
125,0
126,7
127,7
128,0
129,3
130,7
131,0
132,7
133,0
134,0
135,7
136,0
137,7
138,6
139,0
140,10
141,14
142,10
143,13
144,7
145,7
146,0
147,0
148,7
149,0
150,0
151,3
152,0
153,0
154,0
155,10
156,3
157,14
158,7
159,7
160,0
161,7
162,6
163,0
164,14
165,14
166,0
167,0
168,7
169,0
170,7
171,0
172,7
173,7
174,0
175,0
176,6
177,3
178,7
179,7
180,0
181,14
182,0
183,0
184,3
185,10
186,7
187,7
188,0
189,7
190,0
191,0
192,0
193,3
194,7
195,0
196,7
197,0
198,0
199,0
200,21
201,0
202,7
203,3
204,7
205,14
206,3
207,10
208,10
209,7
210,7
211,0
212,10
213,0
214,10
215,13
216,0
217,14
218,0
219,0
220,7
221,7
222,0
223,7
224,0
225,7
226,0
227,13
228,7
229,7
230,7
231,0
232,7
233,0
234,21
235,3
236,0
237,0
238,3
239,7
240,7
241,0
242,0
243,6
244,7
245,7
246,14
247,24
248,7
249,7
250,7
251,0
252,10
253,7
254,3
255,0
256,7
257,3
258,7
259,3
260,7
261,3
262,13
263,0
264,7
265,13
266,3
267,0
268,0
269,0
270,0
271,0
272,7
273,7
274,3
275,3
276,7
277,3
278,3
279,14
280,7
281,0
282,10
283,0
284,0
285,0
286,0
287,10
288,7
289,3
290,3
291,0
292,3
293,0
294,0
295,7
296,14
297,3
298,14
299,14
300,7
301,3
302,10
303,3
304,0
305,0
306,10
307,0
308,0
309,0
310,7
311,3
312,7
313,0
314,0
315,14
316,0
317,0
318,0
319,7
320,7
321,10
322,6
323,7
324,7
325,0
326,0
327,14
328,7
329,6
330,0
331,7
332,0
333,0
334,11
335,0
336,0
337,0
338,14
339,0
340,7
341,0
342,7
343,0
344,11
345,14
346,3
347,13
348,0
349,3
350,7
351,0
352,14
353,14
354,10
355,0
356,3
357,10
358,0
359,0
360,0
361,0
362,7
363,7
364,7
365,7
366,0
367,7
368,0
369,10
370,9
371,7
372,14
373,3
374,7
375,13
376,14
377,3
378,21
379,7
380,3
381,6
382,7
383,0
384,3
385,14
386,10
387,10
388,3
389,7
390,0
391,3
392,0
393,3
394,0
395,3
396,7
397,7
398,0
399,0
400,0
401,0
402,0
403,0
404,0
405,7
406,7
407,0
408,0
409,3
410,3
411,0
412,0
413,7
414,7
415,3
416,8
417,7
418,14
419,10
420,0
421,0
422,0
423,3
424,0
425,3
426,3
427,7
428,7
429,0
430,7
431,8
432,14
433,0
434,3
435,7
436,0
437,6
438,7
439,3
440,0
441,0
442,0
443,0
444,7
445,10
446,0
447,0
448,0
449,0
450,7
451,3
452,0
453,7
454,0
455,7
456,7
457,3
458,0
459,2
460,0
461,7
462,0
463,3
464,0
465,0
466,3
467,10
468,3
469,3
470,0
471,10
472,0
473,10
474,0
475,0
476,7
477,0
478,0
479,0
480,0
481,0
482,0
483,0
484,0
485,14
486,7
487,0
488,0
489,0
490,3
491,0
492,0
493,3
494,14
495,6
496,3
497,10
498,3
499,7
500,0
501,14
502,3
503,7
504,0
505,0
506,3
507,7
508,0
509,9
510,0
511,7
512,3
513,0
514,14
515,14
516,9
517,3
518,0
519,14
520,7
521,3
522,14
523,10
524,3
525,0
526,7
527,14
528,3
529,7
530,3
531,0
532,0
533,17
534,0
535,0
536,7
537,0
538,7
539,0
540,3
541,7
542,14
543,7
544,0
545,0
546,0
547,13
548,7
549,0
550,0
551,3
552,0
553,14
554,8
555,0
556,0
557,0
558,7
559,3
560,3
561,0
562,7
563,0
564,7
565,0
566,14
567,0
568,8
569,3
570,3
571,3
572,0
573,0
574,7
575,7
576,0
577,3
578,0
579,10
580,10
581,6
582,7
583,3
584,0
585,0
586,0
587,0
588,0
589,0
590,0
591,0
592,0
593,7
594,0
595,0
596,0
597,7
598,0
599,7
600,0
601,0
602,0
603,7
604,3
605,7
606,14
607,7
608,10
609,10
610,3
611,3
612,0
613,14
614,7
615,17
616,3
617,0
618,0
619,7
620,12
621,7
622,8
623,3
624,10
625,6
626,0
627,15
628,7
629,0
630,3
631,3
632,0
633,0
634,0
635,7
636,0
637,0
638,0
639,6
640,0
641,3
642,6
643,0
644,0
645,0
646,10
647,10
648,3
649,14
650,7
651,10
652,10
653,7
654,7
655,0
656,13
657,0
658,0
659,21
660,0
661,0
662,7
663,0
664,0
665,7
666,3
667,3
668,14
669,6
670,7
671,0
672,7
673,3
674,7
675,6
676,7
677,0
678,13
679,3
680,7
681,6
682,3
683,7
684,0
685,0
686,7
687,0
688,0
689,7
690,11
691,8
692,7
693,10
694,3
695,7
696,7
697,7
698,7
699,10
700,14
701,10
702,3
703,0
704,0
705,0
706,0
707,7
708,14
709,14
710,0
711,3
712,6
713,21
714,0
715,7
716,11
717,7
718,0
719,7
720,7
721,3
722,0
723,3
724,7
725,7
726,7
727,7
728,3
729,14
730,0
731,0
732,3
733,0
734,3
735,3
736,7
737,14
738,8
739,3
740,0
741,7
742,7
743,0
744,0
745,7
746,3
747,0
748,0
749,0
750,0
751,6
752,0
753,10
754,3
755,0
756,7
757,0
758,0
759,3
760,0
761,0
762,3
763,7
764,10
765,3
766,7
767,3
768,0
769,10
770,14
771,7
772,0
773,3
774,10
775,7
776,7
777,8
778,14
779,0
780,3
781,7
782,0
783,3
784,6
785,0
786,3
787,8
788,7
789,0
790,14
791,13
792,14
793,0
794,0
795,0
796,3
797,0
798,6
799,3
800,0
801,7
802,3
803,0
804,7
805,7
806,10
807,0
808,0
809,3
810,3
811,0
812,0
813,3
814,3
815,0
816,7
817,17
818,3
819,10
820,0
821,7
822,3
823,7
824,7
825,3
826,0
827,3
828,0
829,3
830,7
831,0
832,0
833,3
834,0
835,0
836,14
837,3
838,3
839,0
840,3
841,3
842,0
843,3
844,3
845,7
846,3
847,6
848,14
849,7
850,14
851,10
852,0
853,0
854,10
855,7
856,7
857,3
858,7
859,0
860,7
861,10
862,10
863,7
864,7
865,3
866,3
867,7
868,14
869,0
870,0
871,0
872,9
873,14
874,0
875,3
876,3
877,7
878,3
879,0
880,7
881,3
882,0
883,3
884,7
885,0
886,0
887,7
888,6
889,0
890,7
891,3
892,0
893,3
894,0
895,14
896,3
897,0
898,10
899,0
900,0
901,6
902,7
903,7
904,7
905,7
906,3
907,0
908,7
909,3
910,0
911,7
912,6
913,6
914,7
915,7
916,21
917,3
918,10
919,7
920,7
921,3
922,7
923,0
924,7
925,0
926,3
927,0
928,0
929,3
930,7
931,0
932,3
933,14
934,7
935,0
936,7
937,7
938,7
939,14
940,7
941,7
942,0
943,0
944,14
945,0
946,3
947,7
948,21
949,0
950,0
951,14
952,0
953,0
954,3
955,7
956,0
957,3
958,3
959,0
960,3
961,0
962,0
963,14
964,7
965,0
966,14
967,0
968,7
969,14
970,0
971,3
972,10
973,0
974,10
975,0
976,7
977,7
978,7
979,0
980,6
981,7
982,0
983,0
984,3
985,0
986,9
987,9
988,7
989,14
990,0
991,0
992,6
993,17
994,14
995,3
996,0
997,0
998,10
999,0
1000,8
1001,3
1002,0
1003,0
1004,3
1005,0
1006,0
1007,14
1008,7
1009,0
1010,7
1011,0
1012,3
1013,3
1014,3
1015,3
1016,14
1017,3
1018,0
1019,14
1020,7
1021,7
1022,0
1023,0
1024,0
1025,0
1026,3
1027,0
1028,7
1029,0
1030,10
1031,0
1032,0
1033,3
1034,17
1035,7
1036,0
1037,7
1038,0
1039,7
1040,0
1041,0
1042,7
1043,0
1044,10
1045,3
1046,0
1047,14
1048,0
1049,6
1050,0
1051,0
1052,14
1053,0
1054,0
1055,7
1056,3
1057,7
1058,0
1059,0
1060,0
1061,10
1062,7
1063,14
1064,3
1065,7
1066,7
1067,0
1068,7
1069,7
1070,0
1071,7
1072,7
1073,3
1074,0
1075,14
1076,0
1077,0
1078,7
1079,3
1080,7
1081,6
1082,13
1083,7
1084,7
1085,7
1086,0
1087,0
1088,3
1089,7
1090,0
1091,0
1092,7
1093,0
1094,10
1095,17
1096,0
1097,7
1098,0
1099,0
1100,7
1101,7
1102,3
1103,3
1104,0
1105,3
1106,0
1107,3
1108,0
1109,3
1110,0
1111,0
1112,0
1113,7
1114,7
1115,7
1116,0
1117,7
1118,0
1119,6
1120,3
1121,0
1122,0
1123,6
1124,0
1125,0
1126,10
1127,0
1128,0
1129,0
1130,0
1131,0
1132,3
1133,6
1134,0
1135,10
1136,10
1137,0
1138,7
1139,7
1140,0
1141,0
1142,7
1143,3
1144,0
1145,0
1146,0
1147,0
1148,7
1149,0
1150,21
1151,0
1152,3
1153,7
1154,0
1155,0
1156,0
1157,0
1158,14
1159,7
1160,0
1161,0
1162,0
1163,3
1164,10
1165,14
1166,0
1167,14
1168,7
1169,7
1170,7
1171,3
1172,0
1173,7
1174,0
1175,7
1176,16
1177,0
1178,0
1179,7
1180,0
1181,7
1182,21
1183,3
1184,3
1185,0
1186,0
1187,0
1188,7
1189,0
1190,0
1191,0
1192,7
1193,3
1194,3
1195,7
1196,0
1197,7
1198,0
1199,14
1200,7
1201,0
1202,20
1203,0
1204,0
1205,0
1206,7
1207,0
1208,7
1209,7
1210,0
1211,3
1212,0
1213,0
1214,0
1215,7
1216,0
1217,14
1218,0
1219,7
1220,14
1221,0
1222,0
1223,0
1224,6
1225,0
1226,0
1227,7
1228,7
1229,14
1230,0
1231,10
1232,0
1233,6
1234,7
1235,0
1236,7
1237,0
1238,0
1239,3
1240,9
1241,3
1242,6
1243,3
1244,3
1245,10
1246,7
1247,7
1248,3
1249,3
1250,7
1251,3
1252,3
1253,0
1254,7
1255,7
1256,10
1257,0
1258,0
1259,7
1260,10
1261,0
1262,14
1263,7
1264,6
1265,0
1266,2
1267,0
1268,0
1269,0
1270,7
1271,7
1272,7
1273,14
1274,14
1275,7
1276,0
1277,0
1278,0
1279,7
1280,7
1281,14
1282,0
1283,0
1284,7
1285,0
1286,0
1287,7
1288,0
1289,7
1290,0
1291,7
1292,7
1293,7
1294,7
1295,7
1296,10
1297,0
1298,7
1299,7
1300,0
1301,0
1302,0
1303,7
1304,0
1305,0
1306,10
1307,0
1308,3
1309,0
1310,0
1311,0
1312,0
1313,10
1314,0
1315,7
1316,6
1317,14
1318,7
1319,6
1320,3
1321,0
1322,14
1323,3
1324,3
1325,7
1326,7
1327,7
1328,0
1329,7
1330,10
1331,21
1332,3
1333,0
1334,0
1335,0
1336,3
1337,7
1338,0
1339,7
1340,7
1341,7
1342,3
1343,3
1344,0
1345,0
1346,7
1347,0
1348,7
1349,0
1350,7
1351,3
1352,0
1353,0
1354,7
1355,0
1356,3
1357,0
1358,7
1359,14
1360,7
1361,14
1362,3
1363,14
1364,7
1365,7
1366,7
1367,0
1368,0
1369,0
1370,0
1371,7
1372,10
1373,7
1374,0
1375,3
1376,3
1377,6
1378,3
1379,7
1380,3
1381,10
1382,0
1383,7
1384,0
1385,7
1386,0
1387,3
1388,7
1389,3
1390,3
1391,7
1392,6
1393,15
1394,0
1395,17
1396,3
1397,0
1398,0
1399,7
1400,7
1401,7
1402,7
1403,7
1404,7
1405,7
1406,10
1407,7
1408,10
1409,3
1410,0
1411,0
1412,10
1413,0
1414,0
1415,0
1416,3
1417,3
1418,7
1419,0
1420,7
1421,7
1422,3
1423,3
1424,0
1425,0
1426,0
1427,7
1428,17
1429,0
1430,3
1431,6
1432,0
1433,7
1434,7
1435,7
1436,7
1437,3
1438,0
1439,0
1440,0
1441,10
1442,0
1443,10
1444,0
1445,6
1446,7
1447,7
1448,7
1449,7
1450,7
1451,7
1452,0
1453,7
1454,7
1455,0
1456,0
1457,0
1458,0
1459,7
1460,14
1461,7
1462,3
1463,7
1464,0
1465,7
1466,7
1467,7
1468,0
1469,0
1470,10
1471,3
1472,7
1473,3
1474,7
1475,0
1476,3
1477,10
1478,0
1479,0
1480,0
1481,7
1482,0
1483,7
1484,7
1485,0
1486,0
1487,21
1488,17
1489,7
1490,3
1491,3
1492,7
1493,7
1494,7
1495,7
1496,14
1497,3
1498,0
1499,0
1500,7
1501,0
1502,0
1503,0
1504,0
1505,0
1506,3
1507,3
1508,7
1509,7
1510,0
1511,0
1512,6
1513,7
1514,0
1515,7
1516,7
1517,3
1518,14
1519,3
1520,0
1521,14
1522,6
1523,0
1524,0
1525,0
1526,9
1527,0
1528,3
1529,3
1530,17
1531,3
1532,0
1533,3
1534,10
1535,0
1536,0
1537,0
1538,0
1539,3
1540,7
1541,10
1542,10
1543,0
1544,0
1545,0
1546,0
1547,10
1548,0
1549,0
1550,0
1551,7
1552,6
1553,7
1554,6
1555,7
1556,0
1557,7
1558,0
1559,0
1560,7
1561,10
1562,3
1563,0
1564,3
1565,14
1566,7
1567,14
1568,7
1569,0
1570,13
1571,10
1572,7
1573,3
1574,0
1575,7
1576,14
1577,0
1578,0
1579,7
1580,7
1581,0
1582,7
1583,7
1584,7
1585,7
1586,0
1587,0
1588,0
1589,7
1590,0
1591,3
1592,3
1593,0
1594,7
1595,0
1596,0
1597,0
1598,7
1599,7
1600,3
1601,0
1602,0
1603,7
1604,2
1605,0
1606,7
1607,0
1608,10
1609,0
1610,0
1611,14
1612,0
1613,14
1614,6
1615,3
1616,0
1617,3
1618,7
1619,0
1620,7
1621,10
1622,7
1623,0
1624,14
1625,0
1626,0
1627,7
1628,0
1629,7
1630,0
1631,3
1632,3
1633,0
1634,0
1635,0
1636,7
1637,0
1638,10
1639,8
1640,14
1641,7
1642,0
1643,7
1644,14
1645,17
1646,0
1647,0
1648,7
1649,3
1650,7
1651,7
1652,3
1653,0
1654,14
1655,3
1656,10
1657,7
1658,10
1659,0
1660,7
1661,14
1662,0
1663,0
1664,0
1665,0
1666,0
1667,7
1668,0
1669,0
1670,10
1671,0
1672,3
1673,7
1674,3
1675,0
1676,10
1677,0
1678,0
1679,3
1680,14
1681,0
1682,20
1683,5
1684,0
1685,0
1686,7
1687,3
1688,7
1689,7
1690,0
1691,0
1692,0
1693,3
1694,10
1695,7
1696,3
1697,10
1698,0
1699,7
1700,0
1701,0
1702,6
1703,0
1704,3
1705,7
1706,0
1707,17
1708,3
1709,0
1710,7
1711,7
1712,3
1713,0
1714,0
1715,10
1716,7
1717,0
1718,0
1719,0
1720,7
1721,10
1722,0
1723,7
1724,0
1725,7
1726,0
1727,0
1728,7
1729,17
1730,3
1731,0
1732,0
1733,3
1734,0
1735,17
1736,7
1737,0
1738,0
1739,7
1740,0
1741,0
1742,7
1743,7
1744,10
1745,6
1746,0
1747,14
1748,3
1749,0
1750,7
1751,7
1752,14
1753,7
1754,0
1755,10
1756,7
1757,0
1758,0
1759,0
1760,7
1761,7
1762,7
1763,0
1764,14
1765,7
1766,10
1767,0
1768,0
1769,0
1770,14
1771,10
1772,0
1773,0
1774,0
1775,3
1776,0
1777,7
1778,14
1779,3
1780,0
1781,7
1782,0
1783,7
1784,3
1785,13
1786,10
1787,13
1788,0
1789,7
1790,0
1791,0
1792,10
1793,0
1794,0
1795,7
1796,7
1797,0
1798,7
1799,7
1800,0
1801,17
1802,0
1803,3
1804,0
1805,3
1806,0
1807,3
1808,0
1809,14
1810,0
1811,3
1812,0
1813,10
1814,14
1815,0
1816,7
1817,14
1818,0
1819,0
1820,0
1821,7
1822,7
1823,7
1824,0
1825,0
1826,7
1827,14
1828,14
1829,10
1830,13
1831,3
1832,0
1833,7
1834,0
1835,0
1836,0
1837,3
1838,10
1839,10
1840,3
1841,7
1842,7
1843,7
1844,6
1845,3
1846,0
1847,14
1848,0
1849,0
1850,2
1851,15
1852,3
1853,14
1854,3
1855,3
1856,7
1857,7
1858,3
1859,7
1860,7
1861,0
1862,7
1863,7
1864,0
1865,14
1866,14
1867,7
1868,3
1869,0
1870,0
1871,7
1872,7
1873,14
1874,7
1875,3
1876,0
1877,7
1878,7
1879,0
1880,3
1881,0
1882,0
1883,7
1884,3
1885,3
1886,3
1887,3
1888,14
1889,7
1890,0
1891,7
1892,3
1893,0
1894,7
1895,0
1896,0
1897,7
1898,0
1899,7
1900,7
1901,3
1902,7
1903,21
1904,3
1905,0
1906,3
1907,10
1908,3
1909,0
1910,14
1911,7
1912,0
1913,9
1914,3
1915,0
1916,6
1917,14
1918,7
1919,2
1920,0
1921,7
1922,7
1923,10
1924,7
1925,0
1926,7
1927,3
1928,7
1929,0
1930,0
1931,3
1932,10
1933,0
1934,7
1935,6
1936,0
1937,3
1938,7
1939,7
1940,0
1941,0
1942,10
1943,7
1944,0
1945,0
1946,3
1947,7
1948,7
1949,7
1950,7
1951,0
1952,14
1953,13
1954,7
1955,7
1956,3
1957,0
1958,7
1959,0
1960,3
1961,3
1962,7
1963,10
1964,0
1965,0
1966,3
1967,14
1968,3
1969,0
1970,7
1971,0
1972,14
1973,14
1974,3
1975,0
1976,0
1977,14
1978,7
1979,3
1980,0
1981,3
1982,3
1983,3
1984,0
1985,14
1986,7
1987,7
1988,0
1989,3
1990,3
1991,0
1992,0
1993,7
1994,0
1995,0
1996,0
1997,7
1998,7
1999,0
2000,7
2001,7
2002,14
2003,7
2004,3
2005,0
2006,3
2007,0
2008,7
2009,0
2010,7
2011,3
2012,7
2013,3
2014,3
2015,0
2016,7
2017,0
2018,14
2019,0
2020,3
2021,3
2022,0
2023,3
2024,0
2025,7
2026,14
2027,0
2028,0
2029,0
2030,0
2031,0
2032,7
2033,7
2034,14
2035,0
2036,0
2037,7
2038,7
2039,10
2040,7
2041,3
2042,7
2043,7
2044,7
2045,7
2046,7
2047,0
2048,7
2049,6
2050,17
2051,3
2052,7
2053,10
2054,7
2055,0
2056,14
2057,17
2058,3
2059,0
2060,0
2061,7
2062,6
2063,3
2064,0
2065,0
2066,0
2067,0
2068,0
2069,10
2070,7
2071,3
2072,0
2073,3
2074,10
2075,7
2076,6
2077,7
2078,3
2079,3
2080,0
2081,7
2082,7
2083,0
2084,14
2085,15
2086,0
2087,7
2088,3
2089,0
2090,6
2091,7
2092,7
2093,7
2094,7
2095,7
2096,14
2097,10
2098,7
2099,0
2100,0
2101,3
2102,0
2103,7
2104,7
2105,7
2106,3
2107,7
2108,7
2109,3
2110,3
2111,0
2112,10
2113,7
2114,14
2115,7
2116,3
2117,0
2118,7
2119,0
2120,0
2121,10
2122,0
2123,7
2124,14
2125,10
2126,14
2127,10
2128,0
2129,7
2130,3
2131,0
2132,0
2133,7
2134,7
2135,0
2136,0
2137,0
2138,0
2139,6
2140,10
2141,6
2142,10
2143,6
2144,0
2145,0
2146,0
2147,0
2148,14
2149,3
2150,7
2151,3
2152,3
2153,7
2154,0
2155,7
2156,7
2157,8
2158,7
2159,10
2160,0
2161,0
2162,0
2163,0
2164,21
2165,3
2166,7
2167,3
2168,7
2169,0
2170,0
2171,7
2172,0
2173,3
2174,3
2175,0
2176,0
2177,7
2178,0
2179,14
2180,3
2181,7
2182,3
2183,7
2184,10
2185,0
2186,10
2187,0
2188,7
2189,0
2190,0
2191,7
2192,0
2193,7
2194,7
2195,7
2196,3
2197,3
2198,14
2199,3
2200,0
2201,7
2202,3
2203,7
2204,10
2205,0
2206,10
2207,3
2208,0
2209,7
2210,7
2211,7
2212,7
2213,14
2214,3
2215,14
2216,7
2217,7
2218,10
2219,7
2220,0
2221,14
2222,3
2223,0
2224,7
2225,3
2226,0
2227,21
2228,7
2229,10
2230,7
2231,14
2232,7
2233,3
2234,7
2235,8
2236,0
2237,7
2238,3
2239,14
2240,3
2241,7
2242,0
2243,0
2244,3
2245,0
2246,7
2247,0
2248,8
2249,0
2250,3
2251,3
2252,0
2253,0
2254,7
2255,0
2256,3
2257,0
2258,7
2259,6
2260,0
2261,7
2262,7
2263,7
2264,8
2265,3
2266,7
2267,7
2268,0
2269,7
2270,7
2271,14
2272,3
2273,3
2274,0
2275,0
2276,0
2277,3
2278,0
2279,3
2280,10
2281,7
2282,0
2283,0
2284,2
2285,7
2286,7
2287,0
2288,3
2289,0
2290,7
2291,0
2292,0
2293,7
2294,0
2295,21
2296,0
2297,7
2298,10
2299,0
2300,3
2301,14
2302,0
2303,0
2304,11
2305,0
2306,6
2307,3
2308,7
2309,0
2310,7
2311,6
2312,0
2313,0
2314,0
2315,14
2316,0
2317,7
2318,7
2319,0
2320,0
2321,3
2322,0
2323,7
2324,7
2325,0
2326,3
2327,7
2328,0
2329,0
2330,7
2331,0
2332,0
2333,0
2334,0
2335,0
2336,0
2337,0
2338,14
2339,6
2340,7
2341,3
2342,0
2343,3
2344,7
2345,0
2346,3
2347,0
2348,13
2349,7
2350,14
2351,0
2352,0
2353,14
2354,7
2355,3
2356,0
2357,7
2358,7
2359,7
2360,0
2361,0
2362,0
2363,7
2364,3
2365,7
2366,0
2367,0
2368,7
2369,0
2370,14
2371,17
2372,7
2373,3
2374,8
2375,14
2376,14
2377,0
2378,0
2379,0
2380,0
2381,0
2382,3
2383,7
2384,0
2385,3
2386,0
2387,0
2388,7
2389,7
2390,0
2391,0
2392,0
2393,10
2394,0
2395,0
2396,6
2397,7
2398,0
2399,14
2400,0
2401,0
2402,0
2403,0
2404,0
2405,10
2406,0
2407,3
2408,0
2409,7
2410,7
2411,7
2412,7
2413,0
2414,3
2415,7
2416,0
2417,7
2418,0
2419,3
2420,0
2421,3
2422,0
2423,3
2424,7
2425,3
2426,7
2427,7
2428,0
2429,0
2430,7
2431,6
2432,0
2433,7
2434,10
2435,0
2436,16
2437,7
2438,13
2439,9
2440,7
2441,7
2442,3
2443,0
2444,14
2445,0
2446,14
2447,7
2448,7
2449,0
2450,3
2451,3
2452,7
2453,10
2454,0
2455,0
2456,7
2457,0
2458,0
2459,14
2460,3
2461,0
2462,0
2463,7
2464,7
2465,0
2466,3
2467,7
2468,0
2469,6
2470,6
2471,0
2472,0
2473,0
2474,14
2475,0
2476,3
2477,3
2478,7
2479,0
2480,3
2481,0
2482,0
2483,0
2484,0
2485,7
2486,10
2487,7
2488,0
2489,0
2490,7
2491,16
2492,10
2493,0
2494,14
2495,0
2496,3
2497,3
2498,10
2499,0
2500,17
2501,7
2502,0
2503,8
2504,0
2505,0
2506,0
2507,0
2508,3
2509,0
2510,14
2511,9
2512,0
2513,0
2514,7
2515,7
2516,0
2517,3
2518,0
2519,0
2520,0
2521,0
2522,0
2523,0
2524,7
2525,0
2526,14
2527,7
2528,0
2529,0
2530,0
2531,0
2532,10
2533,0
2534,0
2535,7
2536,0
2537,0
2538,7
2539,0
2540,7
2541,3
2542,3
2543,0
2544,3
2545,11
2546,3
2547,0
2548,0
2549,0
2550,0
2551,3
2552,0
2553,0
2554,0
2555,0
2556,3
2557,3
2558,10
2559,3
2560,7
2561,0
2562,7
2563,0
2564,0
2565,7
2566,0
2567,3
2568,9
2569,3
2570,0
2571,10
2572,0
2573,3
2574,0
2575,7
2576,0
2577,6
2578,0
2579,0
2580,7
2581,3
2582,10
2583,21
2584,7
2585,7
2586,7
2587,0
2588,3
2589,7
2590,10
2591,3
2592,7
2593,14
2594,0
2595,14
2596,0
2597,3
2598,0
2599,7
2600,0
2601,17
2602,0
2603,10
2604,10
2605,3
2606,17
2607,0
2608,0
2609,0
2610,12
2611,0
2612,3
2613,14
2614,0
2615,7
2616,0
2617,14
2618,7
2619,0
2620,3
2621,14
2622,7
2623,7
2624,6
2625,0
2626,7
2627,0
2628,7
2629,0
2630,6
2631,0
2632,0
2633,3
2634,6
2635,13
2636,0
2637,14
2638,7
2639,0
2640,3
2641,3
2642,3
2643,0
2644,7
2645,7
2646,14
2647,10
2648,0
2649,0
2650,0
2651,7
2652,7
2653,7
2654,7
2655,3
2656,0
2657,0
2658,7
2659,7
2660,0
2661,7
2662,10
2663,10
2664,3
2665,7
2666,14
2667,0
2668,0
2669,0
2670,3
2671,14
2672,0
2673,0
2674,0
2675,10
2676,0
2677,7
2678,3
2679,10
2680,7
2681,7
2682,3
2683,11
2684,7
2685,7
2686,0
2687,0
2688,0
2689,14
2690,7
2691,0
2692,7
2693,14
2694,10
2695,7
2696,0
2697,7
2698,10
2699,7
2700,10
2701,0
2702,7
2703,7
2704,10
2705,10
2706,0
2707,0
2708,3
2709,3
2710,0
2711,7
2712,0
2713,10
2714,7
2715,7
2716,7
2717,7
2718,0
2719,0
2720,3
2721,3
2722,7
2723,3
2724,3
2725,3
2726,7
2727,7
2728,0
2729,6
2730,0
2731,3
2732,7
2733,0
2734,7
2735,0
2736,0
2737,7
2738,7
2739,7
2740,7
2741,14
2742,10
2743,3
2744,3
2745,14
2746,3
2747,0
2748,6
2749,3
2750,14
2751,0
2752,0
2753,9
2754,0
2755,7
2756,14
2757,0
2758,0
2759,7
2760,0
2761,0
2762,0
2763,0
2764,0
2765,10
2766,14
2767,14
2768,3
2769,3
2770,10
2771,10
2772,3
2773,7
2774,6
2775,7
2776,6
2777,0
2778,0
2779,0
2780,14
2781,3
2782,7
2783,0
2784,3
2785,6
2786,7
2787,0
2788,0
2789,0
2790,10
2791,0
2792,7
2793,14
2794,0
2795,0
2796,0
2797,7
2798,0
2799,14
2800,0
2801,0
2802,3
2803,7
2804,0
2805,7
2806,3
2807,0
2808,7
2809,7
2810,0
2811,7
2812,3
2813,7
2814,7
2815,14
2816,14
2817,3
2818,3
2819,0
2820,7
2821,0
2822,0
2823,0
2824,7
2825,10
2826,0
2827,0
2828,0
2829,0
2830,0
2831,7
2832,14
2833,0
2834,6
2835,0
2836,3
2837,3
2838,0
2839,3
2840,7
2841,0
2842,3
2843,21
2844,3
2845,7
2846,7
2847,21
2848,0
2849,3
2850,7
2851,0
2852,0
2853,10
2854,7
2855,3
2856,0
2857,0
2858,7
2859,10
2860,0
2861,6
2862,7
2863,0
2864,0
2865,6
2866,7
2867,10
2868,10
2869,0
2870,0
2871,3
2872,6
2873,0
2874,7
2875,6
2876,7
2877,7
2878,7
2879,0
2880,3
2881,0
2882,21
2883,0
2884,3
2885,3
2886,7
2887,3
2888,0
2889,10
2890,10
2891,14
2892,0
2893,0
2894,3
2895,7
2896,0
2897,14
2898,7
2899,7
2900,10
2901,3
2902,3
2903,7
2904,7
2905,0
2906,21
2907,7
2908,0
2909,3
2910,10
2911,3
2912,0
2913,7
2914,14
2915,0
2916,7
2917,8
2918,0
2919,0
2920,0
2921,7
2922,3
2923,11
2924,0
2925,3
2926,14
2927,3
2928,0
2929,0
2930,7
2931,7
2932,0
2933,7
2934,3
2935,10
2936,10
2937,10
2938,14
2939,7
2940,7
2941,7
2942,0
2943,3
2944,0
2945,14
2946,0
2947,7
2948,0
2949,7
2950,7
2951,7
2952,7
2953,3
2954,7
2955,0
2956,3
2957,0
2958,7
2959,3
2960,0
2961,7
2962,7
2963,7
2964,7
2965,0
2966,3
2967,0
2968,3
2969,0
2970,6
2971,10
2972,3
2973,0
2974,0
2975,0
2976,10
2977,0
2978,14
2979,14
2980,14
2981,3
2982,10
2983,7
2984,10
2985,0
2986,7
2987,0
2988,3
2989,10
2990,7
2991,0
2992,3
2993,10
2994,14
2995,0
2996,0
2997,14
2998,0
2999,7
3000,10
3001,0
3002,0
3003,3
3004,3
3005,10
3006,6
3007,0
3008,3
3009,10
3010,3
3011,0
3012,7
3013,7
3014,0
3015,0
3016,10
3017,14
3018,7
3019,3
3020,0
3021,0
3022,14
3023,3
3024,7
3025,14
3026,0
3027,0
3028,7
3029,7
3030,7
3031,0
3032,3
3033,0
3034,3
3035,3
3036,0
3037,0
3038,7
3039,0
3040,3
3041,3
3042,0
3043,7
3044,7
3045,0
3046,3
3047,3
3048,7
3049,0
3050,14
3051,14
3052,0
3053,6
3054,7
3055,0
3056,0
3057,7
3058,7
3059,3
3060,3
3061,3
3062,3
3063,3
3064,17
3065,0
3066,14
3067,7
3068,0
3069,0
3070,7
3071,10
3072,14
3073,3
3074,0
3075,14
3076,0
3077,10
3078,14
3079,0
3080,17
3081,0
3082,0
3083,0
3084,0
3085,0
3086,7
3087,10
3088,0
3089,0
3090,3
3091,6
3092,3
3093,0
3094,3
3095,0
3096,14
3097,7
3098,0
3099,7
3100,0
3101,14
3102,21
3103,0
3104,0
3105,0
3106,7
3107,3
3108,10
3109,7
3110,3
3111,0
3112,0
3113,0
3114,7
3115,3
3116,7
3117,7
3118,3
3119,0
3120,0
3121,7
3122,0
3123,0
3124,7
3125,14
3126,12
3127,3
3128,10
3129,14
3130,15
3131,0
3132,0
3133,0
3134,3
3135,14
3136,0
3137,6
3138,0
3139,0
3140,0
3141,10
3142,0
3143,14
3144,7
3145,3
3146,3
3147,17
3148,6
3149,3
3150,3
3151,0
3152,3
3153,3
3154,21
3155,10
3156,7
3157,0
3158,0
3159,14
3160,10
3161,3
3162,3
3163,14
3164,3
3165,7
3166,0
3167,14
3168,6
3169,0
3170,6
3171,7
3172,3
3173,7
3174,3
3175,0
3176,0
3177,7
3178,14
3179,10
3180,0
3181,3
3182,7
3183,0
3184,3
3185,3
3186,7
3187,7
3188,7
3189,10
3190,3
3191,0
3192,14
3193,3
3194,7
3195,3
3196,3
3197,7
3198,3
3199,0
3200,0
3201,7
3202,17
3203,0
3204,0
3205,14
3206,7
3207,14
3208,3
3209,3
3210,10
3211,7
3212,3
3213,7
3214,7
3215,7
3216,7
3217,7
3218,3
3219,7
3220,7
3221,7
3222,14
3223,0
3224,7
3225,14
3226,0
3227,0
3228,0
3229,0
3230,3
3231,0
3232,0
3233,7
3234,7
3235,0
3236,14
3237,3
3238,7
3239,7
3240,0
3241,0
3242,14
3243,7
3244,7
3245,21
3246,3
3247,0
3248,7
3249,6
3250,3
3251,0
3252,7
3253,0
3254,0
3255,16
3256,0
3257,3
3258,7
3259,0
3260,10
3261,7
3262,14
3263,7
3264,7
3265,0
3266,7
3267,14
3268,6
3269,7
3270,7
3271,6
3272,6
3273,0
3274,3
3275,0
3276,7
3277,7
3278,0
3279,7
3280,0
3281,0
3282,7
3283,3
3284,14
3285,0
3286,0
3287,7
3288,7
3289,7
3290,3
3291,3
3292,7
3293,7
3294,0
3295,0
3296,3
3297,0
3298,0
3299,3
3300,0
3301,0
3302,3
3303,14
3304,7
3305,3
3306,0
3307,7
3308,7
3309,10
3310,10
3311,3
3312,7
3313,0
3314,3
3315,0
3316,7
3317,6
3318,0
3319,7
3320,0
3321,7
3322,7
3323,0
3324,21
3325,14
3326,0
3327,7
3328,3
3329,0
3330,10
3331,0
3332,3
3333,0
3334,0
3335,0
3336,7
3337,0
3338,3
3339,0
3340,7
3341,3
3342,0
3343,3
3344,14
3345,7
3346,3
3347,7
3348,3
3349,10
3350,9
3351,3
3352,7
3353,0
3354,3
3355,7
3356,7
3357,0
3358,3
3359,0
3360,0
3361,7
3362,7
3363,7
3364,0
3365,2
3366,10
3367,10
3368,7
3369,0
3370,7
3371,7
3372,7
3373,0
3374,21
3375,7
3376,7
3377,0
3378,7
3379,0
3380,0
3381,10
3382,6
3383,0
3384,14
3385,7
3386,7
3387,6
3388,6
3389,7
3390,7
3391,7
3392,13
3393,14
3394,7
3395,7
3396,0
3397,0
3398,3
3399,3
3400,3
3401,6
3402,7
3403,0
3404,10
3405,3
3406,0
3407,0
3408,7
3409,3
3410,7
3411,7
3412,7
3413,10
3414,0
3415,3
3416,3
3417,14
3418,3
3419,10
3420,7
3421,3
3422,0
3423,0
3424,7
3425,0
3426,3
3427,7
3428,7
3429,7
3430,0
3431,14
3432,7
3433,6
3434,7
3435,7
3436,0
3437,7
3438,14
3439,7
3440,0
3441,10
3442,10
3443,7
3444,7
3445,7
3446,7
3447,0
3448,7
3449,7
3450,7
3451,14
3452,0
3453,0
3454,7
3455,21
3456,0
3457,14
3458,3
3459,7
3460,7
3461,0
3462,0
3463,7
3464,0
3465,0
3466,3
3467,7
3468,14
3469,7
3470,7
3471,0
3472,10
3473,3
3474,14
3475,7
3476,7
3477,11
3478,0
3479,0
3480,7
3481,0
3482,6
3483,3
3484,7
3485,7
3486,7
3487,3
3488,3
3489,7
3490,14
3491,7
3492,3
3493,0
3494,7
3495,3
3496,7
3497,10
3498,3
3499,0
3500,14
3501,10
3502,3
3503,0
3504,3
3505,7
3506,0
3507,0
3508,7
3509,0
3510,3
3511,14
3512,0
3513,0
3514,7
3515,21
3516,0
3517,14
3518,7
3519,0
3520,3
3521,14
3522,0
3523,10
3524,3
3525,6
3526,10
3527,9
3528,13
3529,3
3530,7
3531,7
3532,3
3533,3
3534,0
3535,7
3536,0
3537,0
3538,0
3539,0
3540,0
3541,14
3542,3
3543,3
3544,0
3545,7
3546,3
3547,3
3548,0
3549,0
3550,3
3551,7
3552,7
3553,10
3554,17
3555,7
3556,0
3557,3
3558,0
3559,3
3560,7
3561,7
3562,0
3563,17
3564,7
3565,0
3566,0
3567,0
3568,7
3569,0
3570,14
3571,3
3572,7
3573,0
3574,3
3575,7
3576,7
3577,3
3578,3
3579,7
3580,14
3581,3
3582,0
3583,7
3584,3
3585,7
3586,3
3587,10
3588,14
3589,7
3590,3
3591,7
3592,0
3593,3
3594,8
3595,7
3596,7
3597,0
3598,7
3599,6
3600,7
3601,0
3602,0
3603,3
3604,0
3605,14
3606,0
3607,7
3608,0
3609,14
3610,0
3611,7
3612,10
3613,0
3614,0
3615,7
3616,7
3617,0
3618,3
3619,10
3620,0
3621,3
3622,0
3623,14
3624,7
3625,0
3626,3
3627,7
3628,7
3629,21
3630,0
3631,9
3632,7
3633,6
3634,7
3635,7
3636,7
3637,3
3638,3
3639,7
3640,3
3641,7
3642,3
3643,0
3644,0
3645,3
3646,7
3647,7
3648,6
3649,11
3650,14
3651,14
3652,6
3653,3
3654,10
3655,0
3656,0
3657,14
3658,9
3659,7
3660,0
3661,3
3662,11
3663,0
3664,3
3665,5
3666,10
3667,3
3668,0
3669,0
3670,14
3671,7
3672,0
3673,14
3674,3
3675,3
3676,7
3677,3
3678,3
3679,3
3680,3
3681,0
3682,0
3683,0
3684,14
3685,7
3686,14
3687,3
3688,9
3689,0
3690,7
3691,0
3692,10
3693,9
3694,10
3695,3
3696,7
3697,0
3698,7
3699,0
3700,7
3701,7
3702,0
3703,14
3704,0
3705,0
3706,7
3707,0
3708,0
3709,7
3710,6
3711,21
3712,7
3713,0
3714,0
3715,0
3716,8
3717,0
3718,3
3719,7
3720,10
3721,8
3722,5
3723,3
3724,10
3725,7
3726,14
3727,0
3728,3
3729,0
3730,14
3731,13
3732,0
3733,0
3734,7
3735,0
3736,13
3737,0
3738,7
3739,14
3740,10
3741,7
3742,7
3743,7
3744,14
3745,3
3746,0
3747,7
3748,7
3749,15
3750,0
3751,0
3752,3
3753,3
3754,21
3755,0
3756,14
3757,3
3758,3
3759,7
3760,0
3761,7
3762,0
3763,6
3764,0
3765,14
3766,12
3767,0
3768,3
3769,3
3770,7
3771,0
3772,10
3773,7
3774,7
3775,14
3776,7
3777,0
3778,10
3779,10
3780,3
3781,7
3782,10
3783,14
3784,0
3785,3
3786,14
3787,7
3788,7
3789,7
3790,7
3791,7
3792,0
3793,3
3794,3
3795,7
3796,14
3797,3
3798,7
3799,3
3800,3
3801,7
3802,3
3803,7
3804,10
3805,0
3806,0
3807,7
3808,3
3809,10
3810,10
3811,7
3812,0
3813,3
3814,0
3815,7
3816,7
3817,3
3818,7
3819,0
3820,7
3821,3
3822,10
3823,0
3824,3
3825,7
3826,21
3827,0
3828,14
3829,0
3830,10
3831,0
3832,3
3833,7
3834,0
3835,6
3836,10
3837,0
3838,7
3839,0
3840,7
3841,14
3842,3
3843,7
3844,7
3845,7
3846,17
3847,3
3848,7
3849,0
3850,0
3851,0
3852,10
3853,0
3854,0
3855,7
3856,0
3857,0
3858,3
3859,3
3860,7
3861,7
3862,0
3863,0
3864,0
3865,0
3866,3
3867,6
3868,7
3869,9
3870,3
3871,0
3872,0
3873,3
3874,0
3875,0
3876,0
3877,3
3878,3
3879,9
3880,0
3881,3
3882,7
3883,3
3884,14
3885,7
3886,10
3887,21
3888,3
3889,0
3890,3
3891,14
3892,10
3893,0
3894,0
3895,0
3896,17
3897,0
3898,0
3899,3
3900,3
3901,0
3902,7
3903,7
3904,21
3905,14
3906,0
3907,0
3908,7
3909,13
3910,3
3911,0
3912,3
3913,3
3914,0
3915,7
3916,0
3917,10
3918,0
3919,7
3920,0
3921,0
3922,7
3923,0
3924,10
3925,11
3926,7
3927,7
3928,0
3929,3
3930,0
3931,6
3932,7
3933,0
3934,24
3935,0
3936,10
3937,6
3938,21
3939,7
3940,0
3941,6
3942,3
3943,7
3944,14
3945,0
3946,7
3947,14
3948,7
3949,3
3950,7
3951,3
3952,0
3953,7
3954,7
3955,0
3956,0
3957,7
3958,6
3959,7
3960,3
3961,7
3962,7
3963,7
3964,3
3965,3
3966,0
3967,3
3968,0
3969,0
3970,3
3971,0
3972,7
3973,0
3974,7
3975,10
3976,6
3977,0
3978,14
3979,0
3980,10
3981,7
3982,14
3983,0
3984,10
3985,0
3986,7
3987,21
3988,0
3989,7
3990,3
3991,6
3992,0
3993,14
3994,7
3995,7
3996,13
3997,7
3998,6
3999,7
4000,14
4001,14
4002,0
4003,7
4004,7
4005,0
4006,0
4007,7
4008,0
4009,0
4010,6
4011,0
4012,0
4013,3
4014,7
4015,3
4016,10
4017,0
4018,0
4019,3
4020,3
4021,7
4022,7
4023,0
4024,0
4025,17
4026,14
4027,17
4028,3
4029,7
4030,10
4031,0
4032,9
4033,14
4034,8
4035,6
4036,3
4037,3
4038,0
4039,0
4040,3
4041,15
4042,7
4043,14
4044,0
4045,0
4046,7
4047,0
4048,7
4049,3
4050,6
4051,7
4052,0
4053,0
4054,11
4055,7
4056,7
4057,16
4058,0
4059,3
4060,7
4061,0
4062,3
4063,0
4064,7
4065,7
4066,7
4067,0
4068,12
4069,7
4070,3
4071,17
4072,7
4073,3
4074,7
4075,10
4076,7
4077,3
4078,0
4079,10
4080,6
4081,0
4082,3
4083,0
4084,7
4085,0
4086,7
4087,0
4088,14
4089,14
4090,0
4091,10
4092,7
4093,3
4094,7
4095,7
4096,14
4097,0
4098,3
4099,7
4100,0
4101,6
4102,7
4103,3
4104,10
4105,3
4106,7
4107,3
4108,0
4109,7
4110,0
4111,0
4112,7
4113,3
4114,3
4115,8
4116,3
4117,0
4118,0
4119,7
4120,3
4121,0
4122,0
4123,0
4124,10
4125,3
4126,0
4127,0
4128,0
4129,3
4130,0
4131,0
4132,6
4133,10
4134,7
4135,10
4136,7
4137,7
4138,0
4139,0
4140,14
4141,0
4142,10
4143,3
4144,0
4145,7
4146,3
4147,21
4148,3
4149,7
4150,8
4151,0
4152,7
4153,0
4154,10
4155,3
4156,10
4157,14
4158,13
4159,10
4160,6
4161,0
4162,14
4163,3
4164,0
4165,3
4166,0
4167,9
4168,0
4169,0
4170,3
4171,7
4172,0
4173,0
4174,0
4175,0
4176,6
4177,8
4178,0
4179,7
4180,3
4181,7
4182,0
4183,0
4184,10
4185,0
4186,14
4187,7
4188,3
4189,3
4190,7
4191,0
4192,21
4193,0
4194,0
4195,0
4196,7
4197,7
4198,7
4199,0
4200,3
4201,7
4202,0
4203,14
4204,7
4205,0
4206,7
4207,7
4208,0
4209,7
4210,0
4211,3
4212,7
4213,7
4214,7
4215,0
4216,0
4217,7
4218,7
4219,3
4220,3
4221,3
4222,0
4223,7
4224,7
4225,21
4226,13
4227,7
4228,2
4229,0
4230,0
4231,0
4232,7
4233,0
4234,7
4235,0
4236,3
4237,10
4238,14
4239,3
4240,7
4241,7
4242,0
4243,9
4244,0
4245,3
4246,0
4247,8
4248,9
4249,0
4250,7
4251,0
4252,7
4253,3
4254,0
4255,3
4256,0
4257,8
4258,7
4259,7
4260,0
4261,0
4262,3
4263,14
4264,13
4265,7
4266,7
4267,0
4268,3
4269,0
4270,0
4271,9
4272,14
4273,7
4274,3
4275,7
4276,14
4277,8
4278,7
4279,13
4280,7
4281,7
4282,3
4283,0
4284,0
4285,3
4286,0
4287,6
4288,21
4289,0
4290,7
4291,0
4292,10
4293,3
4294,6
4295,0
4296,7
4297,0
4298,0
4299,14
4300,6
4301,7
4302,0
4303,3
4304,0
4305,3
4306,7
4307,3
4308,14
4309,0
4310,3
4311,3
4312,0
4313,0
4314,0
4315,3
4316,0
4317,18
4318,3
4319,7
4320,0
4321,7
4322,7
4323,7
4324,3
4325,7
4326,7
4327,10
4328,15
4329,7
4330,3
4331,7
4332,0
4333,0
4334,0
4335,6
4336,9
4337,7
4338,0
4339,7
4340,0
4341,8
4342,10
4343,3
4344,7
4345,10
4346,3
4347,0
4348,0
4349,3
4350,0
4351,7
4352,7
4353,13
4354,0
4355,6
4356,7
4357,3
4358,3
4359,7
4360,0
4361,7
4362,7
4363,3
4364,6
4365,0
4366,6
4367,3
4368,6
4369,7
4370,0
4371,6
4372,3
4373,0
4374,14
4375,3
4376,0
4377,0
4378,0
4379,0
4380,6
4381,6
4382,3
4383,12
4384,0
4385,14
4386,0
4387,7
4388,0
4389,3
4390,7
4391,15
4392,3
4393,0
4394,10
4395,13
4396,0
4397,0
4398,3
4399,7
4400,7
4401,3
4402,0
4403,7
4404,9
4405,3
4406,3
4407,7
4408,10
4409,14
4410,0
4411,0
4412,0
4413,14
4414,0
4415,0
4416,0
4417,0
4418,7
4419,0
4420,0
4421,0
4422,0
4423,0
4424,0
4425,0
4426,0
4427,6
4428,0
4429,14
4430,10
4431,14
4432,7
4433,7
4434,7
4435,7
4436,3
4437,7
4438,0
4439,0
4440,0
4441,7
4442,7
4443,3
4444,7
4445,3
4446,7
4447,0
4448,0
4449,7
4450,0
4451,10
4452,0
4453,0
4454,3
4455,0
4456,0
4457,0
4458,0
4459,6
4460,7
4461,0
4462,10
4463,7
4464,0
4465,6
4466,0
4467,0
4468,7
4469,14
4470,3
4471,0
4472,14
4473,7
4474,0
4475,6
4476,10
4477,0
4478,3
4479,14
4480,7
4481,0
4482,15
4483,3
4484,0
4485,10
4486,0
4487,0
4488,0
4489,7
4490,7
4491,7
4492,7
4493,14
4494,7
4495,2
4496,0
4497,3
4498,7
4499,3
4500,0
4501,3
4502,10
4503,7
4504,7
4505,3
4506,6
4507,3
4508,0
4509,3
4510,0
4511,10
4512,3
4513,14
4514,0
4515,10
4516,3
4517,0
4518,0
4519,0
4520,7
4521,6
4522,0
4523,0
4524,0
4525,7
4526,7
4527,0
4528,7
4529,14
4530,10
4531,3
4532,7
4533,14
4534,7
4535,10
4536,7
4537,0
4538,10
4539,10
4540,7
4541,7
4542,0
4543,21
4544,0
4545,7
4546,7
4547,7
4548,10
4549,0
4550,0
4551,10
4552,7
4553,0
4554,0
4555,0
4556,9
4557,0
4558,0
4559,3
4560,0
4561,6
4562,22
4563,7
4564,7
4565,0
4566,10
4567,3
4568,0
4569,7
4570,10
4571,7
4572,0
4573,7
4574,0
4575,0
4576,6
4577,0
4578,6
4579,0
4580,0
4581,14
4582,0
4583,3
4584,7
4585,9
4586,3
4587,7
4588,0
4589,0
4590,0
4591,6
4592,7
4593,3
4594,7
4595,9
4596,0
4597,0
4598,0
4599,3
4600,0
4601,0
4602,0
4603,0
4604,6
4605,3
4606,7
4607,3
4608,3
4609,10
4610,3
4611,0
4612,0
4613,3
4614,6
4615,7
4616,6
4617,0
4618,0
4619,0
4620,0
4621,6
4622,0
4623,0
4624,14
4625,13
4626,3
4627,0
4628,7
4629,0
4630,7
4631,7
4632,14
4633,21
4634,0
4635,0
4636,3
4637,8
4638,6
4639,0
4640,7
4641,7
4642,21
4643,7
4644,0
4645,7
4646,3
4647,6
4648,0
4649,0
4650,6
4651,0
4652,0
4653,0
4654,0
4655,7
4656,10
4657,3
4658,0
4659,0
4660,7
4661,0
4662,7
4663,0
4664,7
4665,7
4666,7
4667,3
4668,7
4669,3
4670,7
4671,3
4672,3
4673,7
4674,6
4675,0
4676,7
4677,3
4678,3
4679,6
4680,7
4681,11
4682,10
4683,0
4684,0
4685,0
4686,0
4687,10
4688,0
4689,0
4690,7
4691,7
4692,0
4693,14
4694,10
4695,0
4696,0
4697,7
4698,0
4699,10
4700,0
4701,7
4702,7
4703,7
4704,6
4705,14
4706,21
4707,0
4708,0
4709,7
4710,3
4711,6
4712,3
4713,3
4714,0
4715,14
4716,0
4717,7
4718,7
4719,7
4720,0
4721,10
4722,7
4723,10
4724,3
4725,0
4726,3
4727,7
4728,7
4729,3
4730,3
4731,7
4732,10
4733,7
4734,14
4735,3
4736,7
4737,3
4738,6
4739,3
4740,0
4741,7
4742,7
4743,0
4744,0
4745,3
4746,7
4747,7
4748,0
4749,10
4750,7
4751,0
4752,6
4753,7
4754,3
4755,0
4756,3
4757,7
4758,0
4759,3
4760,14
4761,3
4762,14
4763,0
4764,7
4765,7
4766,3
4767,0
4768,3
4769,0
4770,0
4771,3
4772,7
4773,0
4774,7
4775,0
4776,3
4777,7
4778,7
4779,6
4780,7
4781,3
4782,0
4783,14
4784,8
4785,10
4786,3
4787,3
4788,0
4789,3
4790,7
4791,0
4792,3
4793,0
4794,0
4795,7
4796,0
4797,7
4798,7
4799,3
4800,14
4801,0
4802,0
4803,7
4804,11
4805,7
4806,9
4807,3
4808,7
4809,7
4810,7
4811,3
4812,7
4813,7
4814,7
4815,0
4816,9
4817,3
4818,0
4819,10
4820,14
4821,3
4822,3
4823,14
4824,0
4825,3
4826,0
4827,3
4828,3
4829,3
4830,14
4831,0
4832,3
4833,3
4834,0
4835,3
4836,0
4837,0
4838,0
4839,14
4840,10
4841,6
4842,0
4843,0
4844,0
4845,7
4846,0
4847,6
4848,3
4849,7
4850,0
4851,7
4852,7
4853,7
4854,7
4855,3
4856,7
4857,0
4858,7
4859,7
4860,3
4861,3
4862,14
4863,7
4864,3
4865,6
4866,0
4867,9
4868,0
4869,14
4870,3
4871,7
4872,7
4873,14
4874,0
4875,15
4876,0
4877,14
4878,0
4879,7
4880,7
4881,0
4882,0
4883,0
4884,3
4885,0
4886,0
4887,7
4888,0
4889,0
4890,14
4891,7
4892,8
4893,0
4894,3
4895,0
4896,7
4897,0
4898,14
4899,0
4900,0
4901,14
4902,3
4903,10
4904,14
4905,17
4906,3
4907,7
4908,10
4909,7
4910,7
4911,8
4912,3
4913,6
4914,0
4915,14
4916,0
4917,0
4918,3
4919,7
4920,7
4921,3
4922,3
4923,0
4924,7
4925,7
4926,14
4927,0
4928,7
4929,10
4930,6
4931,14
4932,7
4933,0
4934,0
4935,14
4936,7
4937,0
4938,0
4939,3
4940,7
4941,10
4942,0
4943,7
4944,9
4945,7
4946,7
4947,0
4948,0
4949,0
4950,7
4951,3
4952,0
4953,0
4954,0
4955,0
4956,14
4957,7
4958,0
4959,3
4960,0
4961,3
4962,0
4963,9
4964,14
4965,0
4966,0
4967,3
4968,0
4969,7
4970,10
4971,0
4972,0
4973,7
4974,0
4975,3
4976,0
4977,0
4978,6
4979,3
4980,7
4981,0
4982,0
4983,14
4984,10
4985,0
4986,7
4987,14
4988,10
4989,7
4990,0
4991,0
4992,0
4993,7
4994,10
4995,0
4996,7
4997,3
4998,14
4999,0
5000,11
5001,7
5002,0
5003,0
5004,0
5005,14
5006,7
5007,0
5008,3
5009,7
5010,7
5011,7
5012,7
5013,6
5014,7
5015,0
5016,0
5017,0
5018,3
5019,7
5020,3
5021,0
5022,10
5023,3
5024,10
5025,10
5026,0
5027,0
5028,0
5029,3
5030,7
5031,7
5032,13
5033,16
5034,7
5035,7
5036,3
5037,0
5038,0
5039,7
5040,0
5041,3
5042,7
5043,0
5044,7
5045,14
5046,3
5047,0
5048,0
5049,0
5050,3
5051,7
5052,0
5053,3
5054,7
5055,7
5056,3
5057,14
5058,0
5059,10
5060,10
5061,7
5062,14
5063,7
5064,0
5065,0
5066,0
5067,7
5068,7
5069,14
5070,3
5071,10
5072,0
5073,0
5074,0
5075,3
5076,10
5077,7
5078,0
5079,0
5080,0
5081,0
5082,0
5083,0
5084,0
5085,14
5086,0
5087,7
5088,3
5089,6
5090,7
5091,0
5092,7
5093,7
5094,10
5095,14
5096,7
5097,0
5098,0
5099,10
5100,0
5101,14
5102,0
5103,7
5104,3
5105,14
5106,0
5107,3
5108,7
5109,7
5110,0
5111,10
5112,3
5113,7
5114,3
5115,0
5116,6
5117,0
5118,0
5119,7
5120,7
5121,7
5122,7
5123,7
5124,0
5125,0
5126,3
5127,3
5128,17
5129,3
5130,7
5131,7
5132,10
5133,0
5134,7
5135,3
5136,3
5137,7
5138,7
5139,0
5140,3
5141,3
5142,0
5143,0
5144,7
5145,7
5146,0
5147,0
5148,0
5149,0
5150,0
5151,0
5152,0
5153,14
5154,14
5155,0
5156,3
5157,3
5158,0
5159,0
5160,0
5161,0
5162,0
5163,7
5164,11
5165,3
5166,9
5167,7
5168,7
5169,3
5170,7
5171,6
5172,7
5173,14
5174,7
5175,3
5176,0
5177,3
5178,3
5179,0
5180,7
5181,3
5182,7
5183,10
5184,0
5185,7
5186,8
5187,0
5188,7
5189,10
5190,7
5191,7
5192,0
5193,13
5194,7
5195,10
5196,3
5197,0
5198,3
5199,3
5200,6
5201,10
5202,0
5203,7
5204,3
5205,8
5206,0
5207,0
5208,13
5209,7
5210,10
5211,7
5212,14
5213,0
5214,7
5215,0
5216,0
5217,0
5218,0
5219,0
5220,21
5221,0
5222,0
5223,3
5224,14
5225,0
5226,16
5227,7
5228,3
5229,28
5230,0
5231,7
5232,3
5233,17
5234,0
5235,3
5236,7
5237,3
5238,12
5239,5
5240,7
5241,0
5242,0
5243,10
5244,0
5245,7
5246,0
5247,0
5248,0
5249,7
5250,17
5251,0
5252,7
5253,0
5254,6
5255,3
5256,10
5257,3
5258,7
5259,7
5260,0
5261,6
5262,0
5263,0
5264,7
5265,14
5266,16
5267,3
5268,0
5269,8
5270,7
5271,0
5272,7
5273,14
5274,0
5275,0
5276,7
5277,3
5278,3
5279,7
5280,14
5281,0
5282,0
5283,7
5284,3
5285,7
5286,7
5287,3
5288,3
5289,7
5290,3
5291,7
5292,0
5293,3
5294,3
5295,3
5296,0
5297,0
5298,7
5299,3
5300,14
5301,0
5302,0
5303,7
5304,3
5305,3
5306,0
5307,14
5308,7
5309,0
5310,17
5311,8
5312,7
5313,0
5314,6
5315,8
5316,0
5317,13
5318,7
5319,10
5320,0
5321,0
5322,7
5323,0
