,VQ4
0,7
1,13
2,7
3,7
4,0
5,7
6,0
7,0
8,13
9,14
10,6
11,0
12,10
13,7
14,9
15,7
16,7
17,7
18,0
19,8
20,10
21,6
22,7
23,9
24,0
25,17
26,0
27,0
28,7
29,7
30,0
31,0
32,0
33,5
34,7
35,0
36,7
37,0
38,6
39,0
40,0
41,0
42,3
43,10
44,10
45,0
46,7
47,0
48,14
49,0
50,14
51,6
52,15
53,0
54,9
55,0
56,0
57,0
58,11
59,14
60,0
61,14
62,7
63,0
64,0
65,7
66,0
67,10
68,3
69,10
70,3
71,0
72,3
73,10
74,7
75,3
76,10
77,10
78,7
79,7
80,0
81,0
82,7
83,7
84,6
85,7
86,10
87,0
88,0
89,0
90,8
91,0
92,0
93,3
94,3
95,0
96,9
97,14
98,7
99,10
100,14
101,7
102,0
103,6
104,7
105,10
106,0
107,0
108,9
109,7
110,0
111,0
112,7
113,7
114,0
115,3
116,3
117,0
118,3
119,2
120,7
121,7
122,10
123,7
124,0
125,3
126,3
127,7
128,0
129,8
130,16
131,3
132,10
133,3
134,7
135,3
136,7
137,14
138,0
139,3
140,7
141,11
142,0
143,0
144,7
145,10
146,0
147,6
148,0
149,7
150,7
151,8
152,7
153,0
154,6
155,0
156,8
157,14
158,3
159,14
160,0
161,6
162,14
163,21
164,3
165,0
166,0
167,14
168,3
169,0
170,0
171,0
172,8
173,0
174,0
175,10
176,0
177,6
178,3
179,7
180,7
181,7
182,7
183,0
184,3
185,21
186,10
187,0
188,14
189,3
190,0
191,0
192,3
193,7
194,6
195,6
196,0
197,0
198,18
199,7
200,0
201,7
202,14
203,0
204,7
205,0
206,10
207,7
208,6
209,7
210,0
211,0
212,14
213,17
214,6
215,8
216,7
217,8
218,0
219,7
220,0
221,10
222,7
223,0
224,7
225,0
226,7
227,0
228,0
229,0
230,0
231,10
232,14
233,15
234,9
235,7
236,0
237,10
238,10
239,3
240,11
241,7
242,7
243,6
244,10
245,0
246,0
247,0
248,3
249,21
250,0
251,0
252,6
253,0
254,14
255,7
256,0
257,3
258,10
259,13
260,0
261,7
262,7
263,3
264,0
265,7
266,7
267,0
268,7
269,0
270,0
271,0
272,7
273,6
274,0
275,0
276,6
277,6
278,0
279,7
280,3
281,6
282,7
283,0
284,10
285,8
286,7
287,0
288,0
289,7
290,10
291,7
292,6
293,10
294,10
295,14
296,7
297,7
298,7
299,10
300,12
301,3
302,0
303,0
304,6
305,7
306,0
307,0
308,21
309,7
310,7
311,0
312,0
313,0
314,0
315,0
316,14
317,0
318,7
319,7
320,13
321,7
322,7
323,13
324,13
325,14
326,14
327,0
328,7
329,3
330,7
331,3
332,10
333,10
334,7
335,0
336,7
337,7
338,8
339,3
340,0
341,6
342,7
343,7
344,18
345,7
346,7
347,6
348,3
349,3
350,3
351,14
352,0
353,0
354,7
355,3
356,7
357,0
358,6
359,6
360,0
361,0
362,3
363,7
364,0
365,0
366,0
367,0
368,0
369,6
370,3
371,16
372,10
373,3
374,8
375,7
376,0
377,3
378,0
379,3
380,0
381,13
382,7
383,3
384,3
385,7
386,6
387,7
388,7
389,3
390,3
391,6
392,3
393,8
394,10
395,7
396,0
397,7
398,3
399,14
400,7
401,0
402,5
403,3
404,0
405,13
406,24
407,0
408,0
409,3
410,10
411,7
412,10
413,7
414,7
415,3
416,7
417,3
418,13
419,0
420,0
421,3
422,0
423,3
424,0
425,13
426,0
427,13
428,11
429,7
430,0
431,7
432,14
433,3
434,7
435,0
436,3
437,0
438,0
439,7
440,0
441,14
442,10
443,0
444,6
445,0
446,0
447,7
448,3
449,10
450,6
451,3
452,0
453,0
454,0
455,6
456,0
457,7
458,3
459,0
460,13
461,6
462,10
463,0
464,3
465,10
466,3
467,0
468,14
469,10
470,0
471,7
472,0
473,10
474,0
475,0
476,10
477,3
478,7
479,7
480,0
481,0
482,0
483,7
484,0
485,7
486,17
487,3
488,11
489,0
490,3
491,10
492,14
493,0
494,0
495,0
496,14
497,7
498,3
499,3
500,0
501,0
502,3
503,8
504,0
505,14
506,0
507,0
508,14
509,8
510,6
511,13
512,0
513,0
514,7
515,3
516,7
517,14
518,6
519,10
520,11
521,7
522,7
523,7
524,3
525,0
526,23
527,7
528,0
529,0
530,10
531,3
532,0
533,7
534,14
535,0
536,3
537,7
538,17
539,7
540,0
541,3
542,0
543,6
544,14
545,14
546,0
547,16
548,10
549,7
550,14
551,10
552,0
553,0
554,21
555,14
556,8
557,9
558,13
559,0
560,0
561,6
562,0
563,7
564,7
565,7
566,0
567,7
568,0
569,6
570,6
571,10
572,0
573,7
574,6
575,0
576,6
577,7
578,7
579,21
580,8
581,10
582,7
583,10
584,7
585,7
586,6
587,14
588,15
589,7
590,3
591,3
592,7
593,0
594,3
595,7
596,7
597,3
598,14
599,7
600,3
601,0
602,7
603,10
604,17
605,8
606,14
607,7
608,3
609,6
610,0
611,3
612,3
613,0
614,7
615,0
616,0
617,0
618,0
619,0
620,7
621,3
622,0
623,10
624,3
625,9
626,3
627,13
628,10
629,7
630,11
631,3
632,14
633,0
634,0
635,7
636,14
637,7
638,6
639,7
640,6
641,0
642,10
643,0
644,7
645,10
646,14
647,10
648,8
649,17
650,10
651,7
652,14
653,0
654,7
655,7
656,0
657,0
658,3
659,17
660,0
661,7
662,7
663,0
664,0
665,0
666,3
667,0
668,16
669,0
670,14
671,0
672,0
673,0
674,10
675,21
676,7
677,3
678,7
679,7
680,0
681,3
682,6
683,0
684,0
685,3
686,14
687,0
688,3
689,15
690,0
691,7
692,3
693,3
694,3
695,0
696,3
697,0
698,13
699,6
700,0
701,15
702,6
703,6
704,3
705,3
706,0
707,14
708,8
709,10
710,0
711,10
712,7
713,0
714,7
715,21
716,3
717,7
718,7
719,0
720,10
721,0
722,7
723,0
724,0
725,6
726,7
727,3
728,7
729,14
730,14
731,3
732,8
733,3
734,8
735,10
736,3
737,10
738,3
739,7
740,7
741,0
742,3
743,0
744,10
745,7
746,14
747,7
748,0
749,7
750,0
751,15
752,7
753,0
754,7
755,6
756,10
757,0
758,0
759,0
760,7
761,0
762,0
763,6
764,7
765,3
766,3
767,7
768,3
769,21
770,7
771,0
772,9
773,3
774,0
775,0
776,9
777,0
778,11
779,0
780,0
781,0
782,7
783,0
784,14
785,3
786,7
787,3
788,6
789,0
790,8
791,7
792,0
793,6
794,3
795,3
796,7
797,10
798,0
799,10
800,7
801,0
802,0
803,0
804,0
805,7
806,0
807,0
808,7
809,3
810,0
811,7
812,7
813,3
814,7
815,0
816,6
817,10
818,3
819,7
820,14
821,7
822,0
823,0
824,0
825,3
826,0
827,13
828,0
829,7
830,3
831,7
832,7
833,0
834,7
835,0
836,7
837,0
838,7
839,7
840,3
841,6
842,3
843,7
844,14
845,3
846,3
847,3
848,14
849,0
850,0
851,10
852,10
853,12
854,14
855,12
856,7
857,3
858,28
859,3
860,14
861,3
862,20
863,7
864,10
865,7
866,21
867,0
868,0
869,8
870,3
871,3
872,0
873,10
874,10
875,16
876,3
877,7
878,0
879,3
880,7
881,7
882,9
883,11
884,0
885,0
886,7
887,13
888,0
889,3
890,6
891,0
892,0
893,0
894,7
895,8
896,7
897,0
898,7
899,0
900,2
901,7
902,0
903,3
904,8
905,7
906,7
907,3
908,0
909,10
910,10
911,8
912,7
913,10
914,10
915,0
916,6
917,3
918,17
919,3
920,7
921,0
922,0
923,7
924,14
925,14
926,0
927,0
928,14
929,3
930,7
931,3
932,3
933,0
934,14
935,13
936,13
937,0
938,8
939,0
940,8
941,7
942,0
943,0
944,7
945,7
946,6
947,10
948,7
949,3
950,14
951,3
952,0
953,7
954,10
955,3
956,3
957,10
958,10
959,0
960,7
961,0
962,3
963,7
964,10
965,0
966,0
967,0
968,12
969,6
970,0
971,7
972,7
973,8
974,7
975,0
976,7
977,0
978,0
979,0
980,7
981,0
982,3
983,0
984,0
985,0
986,0
987,7
988,0
989,6
990,0
991,0
992,0
993,0
994,0
995,0
996,7
997,7
998,21
999,0
1000,9
1001,7
1002,0
1003,10
1004,21
1005,10
1006,10
1007,0
1008,10
1009,0
1010,13
1011,0
1012,0
1013,0
1014,6
1015,0
1016,7
1017,14
1018,21
1019,10
1020,7
1021,11
1022,7
1023,3
1024,7
1025,0
1026,3
1027,3
1028,0
1029,9
1030,7
1031,6
1032,0
1033,0
1034,0
1035,17
1036,10
1037,0
1038,0
1039,0
1040,0
1041,6
1042,7
1043,7
1044,7
1045,7
1046,0
1047,7
1048,3
1049,7
1050,0
1051,18
1052,7
1053,3
1054,7
1055,11
1056,0
1057,7
1058,7
1059,0
1060,0
1061,7
1062,0
1063,0
1064,7
1065,7
1066,0
1067,0
1068,14
1069,21
1070,0
1071,13
1072,0
1073,7
1074,0
1075,6
1076,7
1077,0
1078,7
1079,7
1080,3
1081,6
1082,10
1083,7
1084,16
1085,10
1086,9
1087,8
1088,6
1089,10
1090,3
1091,3
1092,3
1093,7
1094,0
1095,14
1096,7
1097,7
1098,0
1099,14
1100,3
1101,7
1102,0
1103,7
1104,0
1105,0
1106,14
1107,10
1108,0
1109,3
1110,0
1111,7
1112,7
1113,7
1114,7
1115,0
1116,13
1117,0
1118,0
1119,14
1120,14
1121,0
1122,17
1123,14
1124,3
1125,14
1126,3
1127,11
1128,6
1129,7
1130,3
1131,7
1132,0
1133,0
1134,3
1135,8
1136,14
1137,0
1138,7
1139,0
1140,14
1141,0
1142,0
1143,0
1144,0
1145,7
1146,7
1147,14
1148,10
1149,0
1150,7
1151,10
1152,7
1153,0
1154,7
1155,7
1156,3
1157,7
1158,7
1159,7
1160,7
1161,8
1162,14
1163,7
1164,7
1165,0
1166,0
1167,7
1168,0
1169,0
1170,7
1171,0
1172,14
1173,10
1174,0
1175,7
1176,10
1177,8
1178,7
1179,6
1180,3
1181,14
1182,7
1183,0
1184,7
1185,7
1186,10
1187,3
1188,17
1189,0
1190,0
1191,14
1192,0
1193,17
1194,0
1195,7
1196,0
1197,0
1198,0
1199,7
1200,8
1201,7
1202,0
1203,2
1204,7
1205,0
1206,7
1207,3
1208,0
1209,0
1210,13
1211,3
1212,0
1213,0
1214,17
1215,3
1216,0
1217,14
1218,7
1219,7
1220,0
1221,7
1222,17
1223,14
1224,0
1225,0
1226,12
1227,7
1228,0
1229,24
1230,0
1231,0
1232,0
1233,0
1234,0
1235,14
1236,6
1237,0
1238,10
1239,10
1240,14
1241,0
1242,3
1243,14
1244,3
1245,7
1246,6
1247,7
1248,0
1249,0
1250,7
1251,14
1252,0
1253,3
1254,10
1255,0
1256,0
1257,0
1258,0
1259,21
1260,10
1261,0
1262,21
1263,7
1264,0
1265,0
1266,17
1267,0
1268,14
1269,6
1270,0
1271,14
1272,7
1273,14
1274,7
1275,7
1276,10
1277,6
1278,10
1279,7
1280,0
1281,0
1282,7
1283,7
1284,6
1285,7
1286,14
1287,13
1288,7
1289,14
1290,0
1291,0
1292,0
1293,13
1294,3
1295,0
1296,2
1297,6
1298,6
1299,0
1300,8
1301,7
1302,0
1303,9
1304,0
1305,14
1306,0
1307,8
1308,10
1309,0
1310,7
1311,7
1312,0
1313,0
1314,7
1315,0
1316,0
1317,10
1318,7
1319,6
1320,7
1321,0
1322,0
1323,7
1324,0
1325,6
1326,0
1327,7
1328,0
1329,13
1330,7
1331,0
1332,0
1333,7
1334,3
1335,0
1336,0
1337,0
1338,0
1339,0
1340,0
1341,8
1342,7
1343,0
1344,8
1345,7
1346,3
1347,7
1348,3
1349,3
1350,14
1351,3
1352,7
1353,0
1354,3
1355,7
1356,7
1357,7
1358,7
1359,10
1360,15
1361,0
1362,13
1363,3
1364,7
1365,3
1366,6
1367,7
1368,0
1369,10
1370,0
1371,7
1372,7
1373,0
1374,13
1375,7
1376,10
1377,0
1378,16
1379,7
1380,10
1381,0
1382,7
1383,3
1384,0
1385,3
1386,3
1387,14
1388,9
1389,0
1390,14
1391,7
1392,10
1393,0
1394,0
1395,7
1396,7
1397,0
1398,7
1399,0
1400,14
1401,17
1402,0
1403,0
1404,14
1405,0
1406,8
1407,6
1408,3
1409,10
1410,3
1411,3
1412,10
1413,14
1414,3
1415,3
1416,0
1417,0
1418,7
1419,3
1420,7
1421,6
1422,3
1423,0
1424,0
1425,7
1426,7
1427,0
1428,0
1429,10
1430,10
1431,7
1432,0
1433,6
1434,9
1435,14
1436,0
1437,3
1438,7
1439,7
1440,0
1441,7
1442,7
1443,6
1444,3
1445,14
1446,7
1447,0
1448,9
1449,0
1450,0
1451,0
1452,11
1453,10
1454,3
1455,3
1456,0
1457,8
1458,10
1459,7
1460,7
1461,14
1462,14
1463,10
1464,3
1465,10
1466,0
1467,22
1468,6
1469,7
1470,0
1471,7
1472,10
1473,0
1474,3
1475,0
1476,0
1477,14
1478,6
1479,0
1480,0
1481,6
1482,7
1483,10
1484,6
1485,0
1486,17
1487,8
1488,15
1489,10
1490,7
1491,0
1492,8
1493,7
1494,0
1495,7
1496,0
1497,0
1498,9
1499,0
1500,0
1501,0
1502,0
1503,0
1504,3
1505,14
1506,8
1507,3
1508,0
1509,0
1510,0
1511,3
1512,7
1513,6
1514,14
1515,0
1516,3
1517,7
1518,0
1519,0
1520,3
1521,0
1522,7
1523,7
1524,3
1525,0
1526,0
1527,0
1528,7
1529,7
1530,10
1531,7
1532,3
1533,9
1534,7
1535,3
1536,3
1537,2
1538,3
1539,10
1540,7
1541,0
1542,0
1543,0
1544,7
1545,7
1546,7
1547,17
1548,7
1549,21
1550,7
1551,0
1552,6
1553,14
1554,3
1555,7
1556,0
1557,3
1558,3
1559,7
1560,3
1561,0
1562,3
1563,3
1564,10
1565,0
1566,3
1567,0
1568,3
1569,7
1570,13
1571,0
1572,7
1573,14
1574,10
1575,0
1576,0
1577,6
1578,3
1579,7
1580,7
1581,0
1582,6
1583,10
1584,7
1585,0
1586,0
1587,6
1588,7
1589,0
1590,3
1591,3
1592,0
1593,7
1594,3
1595,3
1596,7
1597,7
1598,6
1599,10
1600,3
1601,14
1602,14
1603,17
1604,3
1605,0
1606,0
1607,14
1608,21
1609,0
1610,0
1611,3
1612,7
1613,0
1614,7
1615,0
1616,0
1617,0
1618,7
1619,7
1620,7
1621,14
1622,0
1623,3
1624,3
1625,10
1626,12
1627,7
1628,0
1629,27
1630,7
1631,0
1632,0
1633,0
1634,17
1635,9
1636,6
1637,15
1638,0
1639,17
1640,7
1641,13
1642,0
1643,17
1644,0
1645,0
1646,0
1647,6
1648,0
1649,6
1650,0
1651,7
1652,7
1653,0
1654,7
1655,13
1656,0
1657,3
1658,0
1659,0
1660,3
1661,0
1662,3
1663,10
1664,7
1665,16
1666,7
1667,10
1668,0
1669,10
1670,14
1671,0
1672,14
1673,14
1674,14
1675,7
1676,14
1677,0
1678,14
1679,0
1680,7
1681,0
1682,8
1683,3
1684,7
1685,10
1686,7
1687,3
1688,12
1689,0
1690,10
1691,0
1692,0
1693,3
1694,14
1695,14
1696,7
1697,3
1698,25
1699,0
1700,0
1701,0
1702,10
1703,3
1704,10
1705,7
1706,0
1707,7
1708,0
1709,0
1710,10
1711,13
1712,3
1713,0
1714,7
1715,0
1716,3
1717,10
1718,10
1719,0
1720,3
1721,21
1722,3
1723,3
1724,10
1725,7
1726,7
1727,6
1728,14
1729,3
1730,0
1731,7
1732,21
1733,0
1734,7
1735,0
1736,7
1737,10
1738,21
1739,7
1740,7
1741,7
1742,7
1743,0
1744,14
1745,0
1746,3
1747,0
1748,0
1749,3
1750,10
1751,0
1752,8
1753,7
1754,7
1755,13
1756,10
1757,0
1758,0
1759,10
1760,7
1761,3
1762,7
1763,3
1764,7
1765,10
1766,7
1767,7
1768,7
1769,3
1770,7
1771,0
1772,9
1773,7
1774,3
1775,10
1776,16
1777,3
1778,7
1779,7
1780,0
1781,7
1782,3
1783,0
1784,7
1785,7
1786,0
1787,7
1788,0
1789,6
1790,3
1791,0
1792,0
1793,14
1794,21
1795,7
1796,0
1797,10
1798,0
1799,0
1800,3
1801,7
1802,3
1803,21
1804,0
1805,14
1806,7
1807,22
1808,3
1809,3
1810,0
1811,3
1812,10
1813,10
1814,3
1815,0
1816,7
1817,9
1818,7
1819,10
1820,10
1821,6
1822,6
1823,7
1824,7
1825,10
1826,7
1827,6
1828,3
1829,9
1830,14
1831,0
1832,3
1833,3
1834,10
1835,7
1836,7
1837,10
1838,10
1839,0
1840,6
1841,3
1842,0
1843,3
1844,3
1845,10
1846,3
1847,3
1848,0
1849,11
1850,0
1851,6
1852,7
1853,0
1854,13
1855,3
1856,3
1857,3
1858,0
1859,3
1860,10
1861,0
1862,0
1863,0
1864,0
1865,19
1866,16
1867,10
1868,7
1869,3
1870,3
1871,0
1872,0
1873,7
1874,7
1875,21
1876,0
1877,17
1878,0
1879,3
1880,0
1881,10
1882,10
1883,7
1884,7
1885,17
1886,0
1887,7
1888,0
1889,0
1890,3
1891,3
1892,15
1893,3
1894,7
1895,9
1896,3
1897,3
1898,14
1899,17
1900,14
1901,7
1902,7
1903,0
1904,3
1905,14
1906,10
1907,14
1908,3
1909,3
1910,0
1911,7
1912,14
1913,3
1914,10
1915,7
1916,3
1917,0
1918,0
1919,0
1920,14
1921,14
1922,10
1923,0
1924,7
1925,7
1926,0
1927,10
1928,12
1929,13
1930,13
1931,0
1932,0
1933,0
1934,7
1935,8
1936,7
1937,16
1938,7
1939,17
1940,0
1941,10
1942,7
1943,13
1944,7
1945,6
1946,9
1947,6
1948,3
1949,8
1950,6
1951,13
1952,0
1953,0
1954,14
1955,10
1956,3
1957,3
1958,0
1959,7
1960,0
1961,3
1962,3
1963,7
1964,10
1965,7
1966,7
1967,7
1968,0
1969,20
1970,7
1971,3
1972,7
1973,7
1974,0
1975,7
1976,8
1977,3
1978,6
1979,7
1980,14
1981,3
1982,0
1983,7
1984,10
1985,0
1986,7
1987,11
1988,10
1989,20
1990,7
1991,12
1992,14
1993,7
1994,7
1995,14
1996,0
1997,3
1998,7
1999,0
2000,0
2001,0
2002,0
2003,7
2004,3
2005,7
2006,3
2007,3
2008,10
2009,3
2010,6
2011,14
2012,3
2013,6
2014,0
2015,0
2016,7
2017,7
2018,0
2019,3
2020,14
2021,7
2022,0
2023,0
2024,7
2025,0
2026,7
2027,0
2028,0
2029,3
2030,13
2031,7
2032,9
2033,0
2034,10
2035,11
2036,17
2037,0
2038,0
2039,7
2040,3
2041,14
2042,7
2043,0
2044,10
2045,6
2046,0
2047,0
2048,14
2049,3
2050,0
2051,0
2052,14
2053,0
2054,0
2055,7
2056,0
2057,0
2058,10
2059,0
2060,3
2061,0
2062,3
2063,6
2064,6
2065,10
2066,3
2067,0
2068,7
2069,3
2070,3
2071,0
2072,8
2073,3
2074,0
2075,0
2076,0
2077,10
2078,3
2079,6
2080,7
2081,21
2082,8
2083,7
2084,8
2085,0
2086,13
2087,6
2088,0
2089,0
2090,6
2091,7
2092,0
2093,15
2094,8
2095,0
2096,7
2097,0
2098,7
2099,0
2100,10
2101,14
2102,7
2103,3
2104,6
2105,0
2106,16
2107,14
2108,6
2109,14
2110,3
2111,7
2112,0
2113,0
2114,3
2115,7
2116,7
2117,0
2118,0
2119,14
2120,0
2121,3
2122,0
2123,7
2124,14
2125,7
2126,0
2127,0
2128,3
2129,7
2130,10
2131,0
2132,3
2133,7
2134,13
2135,14
2136,21
2137,10
2138,7
2139,0
2140,10
2141,24
2142,0
2143,11
2144,3
2145,3
2146,11
2147,3
2148,7
2149,0
2150,7
2151,0
2152,10
2153,0
2154,7
2155,10
2156,0
2157,10
2158,0
2159,6
2160,7
2161,0
2162,0
2163,6
2164,0
2165,7
2166,15
2167,6
2168,10
2169,17
2170,14
2171,7
2172,8
2173,7
2174,0
2175,25
2176,18
2177,6
2178,3
2179,7
2180,21
2181,10
2182,10
2183,3
2184,0
2185,0
2186,0
2187,7
2188,7
2189,6
2190,9
2191,0
2192,6
2193,10
2194,7
2195,0
2196,10
2197,0
2198,0
2199,0
2200,3
2201,0
2202,0
2203,10
2204,23
2205,10
2206,7
2207,0
2208,14
2209,7
2210,7
2211,0
2212,0
2213,10
2214,21
2215,0
2216,11
2217,10
2218,7
2219,8
2220,7
2221,7
2222,0
2223,3
2224,7
2225,0
2226,9
2227,0
2228,7
2229,0
2230,12
2231,0
2232,6
2233,7
2234,12
2235,7
2236,3
2237,0
2238,3
2239,17
2240,3
2241,16
2242,14
2243,7
2244,10
2245,0
2246,7
2247,6
2248,3
2249,7
2250,21
2251,7
2252,7
2253,7
2254,22
2255,0
2256,14
2257,6
2258,3
2259,3
2260,7
2261,6
2262,9
2263,0
2264,7
2265,3
2266,0
2267,0
2268,10
2269,10
2270,0
2271,7
2272,3
2273,6
2274,7
2275,0
2276,7
2277,3
2278,7
2279,13
2280,3
2281,7
2282,0
2283,14
2284,0
2285,17
2286,13
2287,0
2288,3
2289,10
2290,14
2291,15
2292,3
2293,13
2294,6
2295,8
2296,6
2297,0
2298,7
2299,3
2300,0
2301,10
2302,7
2303,7
2304,14
2305,3
2306,7
2307,7
2308,10
2309,10
2310,0
2311,14
2312,0
2313,7
2314,8
2315,0
2316,11
2317,10
2318,3
2319,10
2320,3
2321,0
2322,0
2323,11
2324,3
2325,0
2326,10
2327,6
2328,10
2329,10
2330,12
2331,8
2332,7
2333,3
2334,3
2335,3
2336,3
2337,3
2338,0
2339,7
2340,0
2341,10
2342,5
2343,7
2344,17
2345,17
2346,7
2347,14
2348,7
2349,0
2350,21
2351,0
2352,0
2353,3
2354,14
2355,0
2356,0
2357,0
2358,7
2359,3
2360,7
2361,0
2362,3
2363,10
2364,0
2365,17
2366,6
2367,3
2368,7
2369,3
2370,7
2371,3
2372,7
2373,0
2374,3
2375,8
2376,7
2377,0
2378,7
2379,10
2380,6
2381,3
2382,10
2383,14
2384,6
2385,7
2386,7
2387,3
2388,6
2389,10
2390,6
2391,7
2392,10
2393,0
2394,14
2395,0
2396,7
2397,7
2398,7
2399,0
2400,3
2401,7
2402,14
2403,7
2404,3
2405,0
2406,7
2407,0
2408,10
2409,3
2410,0
2411,14
2412,0
2413,6
2414,0
2415,3
2416,0
2417,13
2418,14
2419,13
2420,7
2421,7
2422,7
2423,0
2424,3
2425,7
2426,0
2427,7
2428,17
2429,8
2430,7
2431,0
2432,3
2433,3
2434,0
2435,7
2436,3
2437,7
2438,3
2439,0
2440,14
2441,6
2442,8
2443,0
2444,7
2445,0
2446,0
2447,21
2448,9
2449,14
2450,10
2451,3
2452,7
2453,0
2454,0
2455,7
2456,0
2457,7
2458,14
2459,0
2460,0
2461,3
2462,14
2463,7
2464,0
2465,0
2466,0
2467,10
2468,10
2469,8
2470,21
2471,3
2472,3
2473,0
2474,0
2475,7
2476,10
2477,14
2478,10
2479,7
2480,7
2481,14
2482,7
2483,13
2484,7
2485,7
2486,22
2487,7
2488,0
2489,0
2490,0
2491,6
2492,0
2493,22
2494,7
2495,7
2496,0
2497,0
2498,0
2499,3
2500,14
2501,6
2502,6
2503,0
2504,7
2505,7
2506,7
2507,7
2508,15
2509,7
2510,0
2511,3
2512,17
2513,7
2514,10
2515,14
2516,0
2517,7
2518,3
2519,6
2520,0
2521,0
2522,6
2523,14
2524,0
2525,3
2526,14
2527,3
2528,7
2529,10
2530,0
2531,10
2532,7
2533,7
2534,3
2535,8
2536,14
2537,0
2538,14
2539,0
2540,6
2541,0
2542,12
2543,0
2544,0
2545,7
2546,3
2547,7
2548,0
2549,0
2550,10
2551,0
2552,21
2553,0
2554,3
2555,3
2556,0
2557,0
2558,0
2559,0
2560,7
2561,7
2562,0
2563,3
2564,10
2565,3
2566,21
2567,6
2568,0
2569,0
2570,7
2571,10
2572,7
2573,6
2574,3
2575,7
2576,3
2577,7
2578,0
2579,0
2580,3
2581,7
2582,0
2583,0
2584,3
2585,3
2586,8
2587,9
2588,0
2589,3
2590,7
2591,17
2592,10
2593,8
2594,6
2595,7
2596,0
2597,3
2598,14
2599,15
2600,0
2601,14
2602,7
2603,11
2604,7
2605,22
2606,0
2607,0
2608,3
2609,0
2610,7
2611,7
2612,0
2613,0
2614,7
2615,0
2616,0
2617,7
2618,7
2619,14
2620,7
2621,3
2622,3
2623,3
2624,11
2625,3
2626,17
2627,21
2628,14
2629,6
2630,0
2631,7
2632,10
2633,17
2634,0
2635,7
2636,0
2637,17
2638,0
2639,3
2640,7
2641,7
2642,0
2643,3
2644,7
2645,6
2646,21
2647,0
2648,0
2649,0
2650,14
2651,0
2652,7
2653,15
2654,0
2655,3
2656,0
2657,0
2658,14
2659,7
2660,5
2661,7
2662,3
2663,2
2664,7
2665,0
2666,0
2667,0
2668,0
2669,0
2670,3
2671,0
2672,6
2673,7
2674,3
2675,0
2676,3
2677,0
2678,7
2679,7
2680,7
2681,10
2682,7
2683,0
2684,7
2685,9
2686,7
2687,10
2688,10
2689,7
2690,10
2691,7
2692,7
2693,7
2694,0
2695,0
2696,0
2697,3
2698,7
2699,8
2700,10
2701,7
2702,0
2703,6
2704,10
2705,7
2706,7
2707,0
2708,0
2709,0
2710,7
2711,14
2712,0
2713,3
2714,3
2715,14
2716,0
2717,9
2718,0
2719,10
2720,7
2721,6
2722,7
2723,10
2724,0
2725,7
2726,3
2727,14
2728,10
2729,13
2730,7
2731,3
2732,7
2733,7
2734,7
2735,7
2736,7
2737,10
2738,7
2739,3
2740,14
2741,7
2742,3
2743,10
2744,3
2745,10
2746,3
2747,10
2748,0
2749,10
2750,0
2751,0
2752,7
2753,3
2754,3
2755,0
2756,0
2757,3
2758,7
2759,12
2760,6
2761,7
2762,7
2763,9
2764,7
2765,6
2766,8
2767,7
2768,3
2769,7
2770,7
2771,0
2772,8
2773,0
2774,8
2775,7
2776,10
2777,7
2778,3
2779,0
2780,7
2781,7
2782,0
2783,7
2784,14
2785,0
2786,9
2787,3
2788,7
2789,0
2790,0
2791,7
2792,12
2793,0
2794,10
2795,3
2796,16
2797,0
2798,0
2799,0
2800,21
2801,0
2802,3
2803,7
2804,3
2805,20
2806,17
2807,7
2808,3
2809,11
2810,7
2811,14
2812,7
2813,7
2814,21
2815,7
2816,3
2817,0
2818,3
2819,0
2820,3
2821,7
2822,3
2823,10
2824,21
2825,13
2826,7
2827,3
2828,10
2829,3
2830,0
2831,0
2832,0
2833,3
2834,14
2835,3
2836,0
2837,7
2838,7
2839,7
2840,8
2841,3
2842,14
2843,0
2844,10
2845,0
2846,6
2847,7
2848,0
2849,0
2850,7
2851,0
2852,8
2853,7
2854,7
2855,10
2856,0
2857,0
2858,0
2859,13
2860,0
2861,0
2862,7
2863,10
2864,0
2865,10
2866,7
2867,7
2868,16
2869,3
2870,28
2871,7
2872,9
2873,0
2874,5
2875,3
2876,3
2877,3
2878,3
2879,6
2880,3
2881,0
2882,3
2883,3
2884,0
2885,7
2886,17
2887,7
2888,10
2889,0
2890,0
2891,8
2892,7
2893,7
2894,3
2895,7
2896,3
2897,7
2898,14
2899,0
2900,7
2901,6
2902,0
2903,0
2904,7
2905,7
2906,0
2907,0
2908,0
2909,0
2910,16
2911,10
2912,7
2913,0
2914,3
2915,6
2916,21
2917,14
2918,7
2919,9
2920,8
2921,7
2922,7
2923,0
2924,7
2925,7
2926,6
2927,14
2928,7
2929,0
2930,0
2931,0
2932,10
2933,0
2934,7
2935,10
2936,7
2937,3
2938,0
2939,0
2940,0
2941,0
2942,7
2943,13
2944,7
2945,14
2946,14
2947,10
2948,14
2949,7
2950,7
2951,0
2952,0
2953,3
2954,14
2955,10
2956,0
2957,0
2958,7
2959,15
2960,13
2961,7
2962,10
2963,7
2964,0
2965,7
2966,10
2967,13
2968,0
2969,0
2970,7
2971,17
2972,7
2973,0
2974,3
2975,3
2976,3
2977,9
2978,21
2979,3
2980,6
2981,7
2982,3
2983,0
2984,0
2985,17
2986,7
2987,7
2988,10
2989,10
2990,7
2991,20
2992,0
2993,0
2994,7
2995,6
2996,10
2997,3
2998,0
2999,7
3000,10
3001,0
3002,3
3003,10
3004,0
3005,10
3006,0
3007,3
3008,7
3009,0
3010,0
3011,15
3012,14
3013,0
3014,0
3015,3
3016,3
3017,7
3018,6
3019,0
3020,0
3021,7
3022,0
3023,7
3024,14
3025,3
3026,0
3027,7
3028,7
3029,3
3030,0
3031,7
3032,7
3033,7
3034,17
3035,7
3036,8
3037,3
3038,7
3039,3
3040,6
3041,7
3042,3
3043,10
3044,14
3045,10
3046,14
3047,0
3048,14
3049,7
3050,10
3051,0
3052,14
3053,0
3054,0
3055,7
3056,7
3057,6
3058,7
3059,3
3060,0
3061,10
3062,7
3063,7
3064,7
3065,14
3066,0
3067,3
3068,3
3069,13
3070,2
3071,10
3072,8
3073,14
3074,0
3075,7
3076,7
3077,7
3078,3
3079,7
3080,0
3081,3
3082,3
3083,0
3084,3
3085,0
3086,3
3087,0
3088,7
3089,0
3090,10
3091,13
3092,16
3093,7
3094,3
3095,0
3096,14
3097,7
3098,3
3099,0
3100,7
3101,21
3102,14
3103,0
3104,21
3105,0
3106,14
3107,7
3108,0
3109,10
3110,0
3111,0
3112,7
3113,0
3114,7
3115,10
3116,7
3117,0
3118,2
3119,0
3120,7
3121,13
3122,14
3123,3
3124,0
3125,0
3126,9
3127,15
3128,7
3129,7
3130,0
3131,7
3132,10
3133,3
3134,7
3135,7
3136,14
3137,7
3138,7
3139,14
3140,0
3141,6
3142,7
3143,7
3144,0
3145,3
3146,0
3147,7
3148,0
3149,7
3150,16
3151,12
3152,7
3153,3
3154,6
3155,10
3156,0
3157,3
3158,6
3159,11
3160,3
3161,7
3162,3
3163,0
3164,7
3165,7
3166,7
3167,0
3168,7
3169,3
3170,7
3171,10
3172,0
3173,7
3174,0
3175,6
3176,7
3177,0
3178,7
3179,0
3180,10
3181,18
3182,0
3183,0
3184,17
3185,0
3186,7
3187,6
3188,7
3189,7
3190,0
3191,6
3192,14
3193,10
3194,6
3195,7
3196,10
3197,11
3198,3
3199,7
3200,3
3201,6
3202,0
3203,6
3204,7
3205,3
3206,10
3207,14
3208,7
3209,14
3210,6
3211,3
3212,7
3213,14
3214,0
3215,0
3216,0
3217,0
3218,10
3219,14
3220,10
3221,7
3222,11
3223,25
3224,10
3225,14
3226,9
3227,0
3228,3
3229,0
3230,7
3231,0
3232,0
3233,0
3234,3
3235,6
3236,6
3237,3
3238,31
3239,10
3240,17
3241,0
3242,7
3243,7
3244,8
3245,0
3246,10
3247,3
3248,3
3249,7
3250,10
3251,0
3252,7
3253,0
3254,7
3255,6
3256,0
3257,17
3258,3
3259,28
3260,7
3261,0
3262,7
3263,0
3264,0
3265,10
3266,8
3267,7
3268,7
3269,3
3270,9
3271,10
3272,17
3273,3
3274,0
3275,3
3276,14
3277,14
3278,21
3279,0
3280,13
3281,7
3282,3
3283,0
3284,7
3285,6
3286,10
3287,7
3288,3
3289,13
3290,7
3291,7
3292,6
3293,3
3294,7
3295,3
3296,3
3297,3
3298,7
3299,3
3300,7
3301,0
3302,3
3303,6
3304,7
3305,0
3306,7
3307,0
3308,3
3309,14
3310,0
3311,11
3312,14
3313,10
3314,7
3315,14
3316,0
3317,14
3318,7
3319,0
3320,3
3321,10
3322,7
3323,12
3324,3
3325,7
3326,6
3327,3
3328,14
3329,0
3330,21
3331,7
3332,3
3333,3
3334,7
3335,14
3336,10
3337,7
3338,7
3339,3
3340,0
3341,7
3342,11
3343,3
3344,7
3345,7
3346,0
3347,0
3348,7
3349,10
3350,14
3351,0
3352,0
3353,0
3354,7
3355,7
3356,10
3357,7
3358,3
3359,10
3360,3
3361,3
3362,0
3363,9
3364,0
3365,6
3366,8
3367,0
3368,0
3369,6
3370,7
3371,7
3372,14
3373,3
3374,13
3375,10
3376,7
3377,10
3378,9
3379,0
3380,0
3381,0
3382,8
3383,7
3384,3
3385,7
3386,13
3387,10
3388,7
3389,13
3390,7
3391,7
3392,0
3393,0
3394,3
3395,7
3396,10
3397,3
3398,0
3399,3
3400,0
3401,0
3402,0
3403,14
3404,0
3405,0
3406,0
3407,3
3408,7
3409,0
3410,10
3411,0
3412,10
3413,7
3414,7
3415,7
3416,3
3417,7
3418,7
3419,7
3420,0
3421,0
3422,3
3423,3
3424,6
3425,0
3426,7
3427,7
3428,0
3429,0
3430,0
3431,6
3432,0
3433,10
3434,17
3435,3
3436,0
3437,14
3438,0
3439,10
3440,0
3441,7
3442,3
3443,11
3444,3
3445,7
3446,0
3447,11
3448,7
3449,7
3450,21
3451,15
3452,7
3453,14
3454,8
3455,10
3456,6
3457,0
3458,10
3459,6
3460,0
3461,7
3462,7
3463,0
3464,3
3465,6
3466,0
3467,7
3468,14
3469,0
3470,17
3471,0
3472,13
3473,0
3474,13
3475,3
3476,0
3477,9
3478,6
3479,14
3480,14
3481,3
3482,0
3483,6
3484,17
3485,0
3486,0
3487,10
3488,0
3489,0
3490,0
3491,0
3492,0
3493,0
3494,0
3495,10
3496,7
3497,3
3498,8
3499,14
3500,7
3501,13
3502,7
3503,14
3504,6
3505,0
3506,14
3507,13
3508,16
3509,3
3510,0
3511,10
3512,7
3513,7
3514,0
3515,7
3516,17
3517,7
3518,0
3519,7
3520,3
3521,14
3522,10
3523,6
3524,3
3525,0
3526,13
3527,0
3528,13
3529,0
3530,14
3531,10
3532,0
3533,3
3534,0
3535,0
3536,17
3537,0
3538,3
3539,10
3540,7
3541,0
3542,3
3543,10
3544,0
3545,0
3546,3
3547,3
3548,6
3549,7
3550,7
3551,6
3552,3
3553,3
3554,6
3555,17
3556,7
3557,10
3558,7
3559,0
3560,16
3561,0
3562,10
3563,0
3564,7
3565,0
3566,3
3567,17
3568,7
3569,15
3570,0
3571,7
3572,0
3573,13
3574,0
3575,10
3576,14
3577,10
3578,0
3579,10
3580,6
3581,3
3582,0
3583,0
3584,7
3585,8
3586,15
3587,3
3588,0
3589,0
3590,9
3591,7
3592,14
3593,7
3594,0
3595,0
3596,7
3597,3
3598,0
3599,7
3600,0
3601,0
3602,7
3603,0
3604,3
3605,7
3606,0
3607,16
3608,0
3609,15
3610,3
3611,3
3612,7
3613,3
3614,7
3615,7
3616,10
3617,0
3618,7
3619,0
3620,3
3621,3
3622,7
3623,17
3624,7
3625,7
3626,10
3627,8
3628,3
3629,7
3630,3
3631,0
3632,3
3633,13
3634,13
3635,12
3636,7
3637,3
3638,0
3639,0
3640,0
3641,7
3642,7
3643,3
3644,7
3645,10
3646,0
3647,3
3648,6
3649,7
3650,14
3651,10
3652,0
3653,0
3654,10
3655,20
3656,7
3657,0
3658,7
3659,7
3660,3
3661,7
3662,14
3663,3
3664,7
3665,0
3666,8
3667,10
3668,13
3669,7
3670,21
3671,6
3672,7
3673,7
3674,13
3675,20
3676,14
3677,13
3678,6
3679,0
3680,7
3681,0
3682,3
3683,0
3684,0
3685,21
3686,10
3687,7
3688,7
3689,11
3690,7
3691,21
3692,3
3693,0
3694,14
3695,7
3696,3
3697,6
3698,7
3699,0
3700,0
3701,0
3702,6
3703,13
3704,6
3705,3
3706,0
3707,10
3708,0
3709,6
3710,7
3711,3
3712,6
3713,10
3714,10
3715,15
3716,0
3717,3
3718,17
3719,13
3720,0
3721,7
3722,6
3723,14
3724,3
3725,8
3726,0
3727,10
3728,7
3729,6
3730,14
3731,0
3732,0
3733,10
3734,0
3735,14
3736,7
3737,0
3738,0
3739,0
3740,3
3741,7
3742,15
3743,0
3744,7
3745,3
3746,3
3747,0
3748,6
3749,0
3750,7
3751,3
3752,21
3753,10
3754,14
3755,14
3756,6
3757,7
3758,14
3759,2
3760,0
3761,7
3762,0
3763,7
3764,0
3765,0
3766,13
3767,17
3768,14
3769,3
3770,14
3771,7
3772,7
3773,7
3774,0
3775,0
3776,10
3777,0
3778,0
3779,0
3780,0
3781,14
3782,7
3783,10
3784,16
3785,7
3786,14
3787,7
3788,0
3789,0
3790,10
3791,10
3792,11
3793,0
3794,0
3795,0
3796,0
3797,10
3798,0
3799,7
3800,7
3801,14
3802,7
3803,10
3804,3
3805,7
3806,10
3807,10
3808,7
3809,8
3810,10
3811,0
3812,7
3813,6
3814,13
3815,6
3816,0
3817,0
3818,6
3819,3
3820,7
3821,7
3822,14
3823,10
3824,3
3825,7
3826,7
3827,10
3828,7
3829,12
3830,10
3831,13
3832,3
3833,8
3834,3
3835,3
3836,0
3837,7
3838,3
3839,7
3840,0
3841,7
3842,7
3843,7
3844,0
3845,13
3846,0
3847,0
3848,6
3849,7
3850,14
3851,3
3852,0
3853,7
3854,13
3855,3
3856,0
3857,3
3858,14
3859,10
3860,3
3861,0
3862,11
3863,0
3864,0
3865,0
3866,0
3867,7
3868,14
3869,0
3870,0
3871,7
3872,3
3873,0
3874,3
3875,6
3876,7
3877,0
3878,3
3879,7
3880,0
3881,14
3882,14
3883,10
3884,0
3885,7
3886,6
3887,3
3888,3
3889,3
3890,7
3891,7
3892,0
3893,3
3894,8
3895,7
3896,0
3897,10
3898,0
3899,3
3900,3
3901,0
3902,7
3903,7
3904,3
3905,7
3906,0
3907,0
3908,21
3909,3
3910,8
3911,7
3912,6
3913,10
3914,6
3915,25
3916,14
3917,7
3918,6
3919,9
3920,0
3921,3
3922,3
3923,10
3924,14
3925,0
3926,0
3927,0
3928,10
3929,20
3930,3
3931,3
3932,0
3933,7
3934,0
3935,3
3936,0
3937,7
3938,7
3939,7
3940,6
3941,6
3942,0
3943,0
3944,10
3945,7
3946,3
3947,10
3948,14
3949,7
3950,6
3951,6
3952,10
3953,10
3954,18
3955,10
3956,7
3957,3
3958,14
3959,7
3960,21
3961,0
3962,3
3963,13
3964,10
3965,10
3966,0
3967,0
3968,0
3969,16
3970,0
3971,17
3972,0
3973,0
3974,6
3975,0
3976,0
3977,7
3978,2
3979,10
3980,0
3981,0
3982,3
3983,7
3984,0
3985,3
3986,6
3987,0
3988,0
3989,7
3990,9
3991,0
3992,0
3993,0
3994,10
3995,6
3996,7
3997,3
3998,3
3999,3
4000,7
4001,0
4002,8
4003,0
4004,7
4005,10
4006,3
4007,14
4008,15
4009,0
4010,6
4011,3
4012,7
4013,6
4014,7
4015,6
4016,13
4017,0
4018,7
4019,0
4020,14
4021,14
4022,14
4023,0
4024,3
4025,21
4026,7
4027,7
4028,0
4029,7
4030,6
4031,14
4032,0
4033,0
4034,14
4035,10
4036,15
4037,7
4038,0
4039,0
4040,7
4041,6
4042,6
4043,21
4044,8
4045,3
4046,11
4047,0
4048,10
4049,7
4050,7
4051,6
4052,14
4053,0
4054,7
4055,7
4056,0
4057,7
4058,12
4059,12
4060,14
4061,7
4062,10
4063,7
4064,14
4065,7
4066,0
4067,3
4068,3
4069,14
4070,10
4071,7
4072,10
4073,18
4074,21
4075,13
4076,3
4077,7
4078,7
4079,14
4080,8
4081,18
4082,6
4083,0
4084,0
4085,13
4086,3
4087,3
4088,6
4089,0
4090,0
4091,7
4092,0
4093,3
4094,17
4095,7
4096,21
4097,0
4098,10
4099,0
4100,10
4101,3
4102,0
4103,13
4104,7
4105,3
4106,0
4107,0
4108,15
4109,3
4110,14
4111,8
4112,10
4113,7
4114,15
4115,3
4116,12
4117,3
4118,7
4119,13
4120,0
4121,7
4122,9
4123,10
4124,0
4125,13
4126,0
4127,9
4128,7
4129,6
4130,10
4131,7
4132,10
4133,14
4134,0
4135,3
4136,10
4137,10
4138,10
4139,0
4140,7
4141,0
4142,2
4143,7
4144,14
4145,11
4146,0
4147,17
4148,0
4149,9
4150,7
4151,14
4152,13
4153,10
4154,0
4155,7
4156,0
4157,0
4158,0
4159,6
4160,9
4161,10
4162,7
4163,3
4164,3
4165,13
4166,8
4167,7
4168,20
4169,10
4170,3
4171,3
4172,7
4173,3
4174,3
4175,0
4176,20
4177,14
4178,7
4179,0
4180,13
4181,7
4182,0
4183,0
4184,0
4185,14
4186,3
4187,7
4188,10
4189,0
4190,7
4191,0
4192,0
4193,6
4194,0
4195,7
4196,10
4197,7
4198,3
4199,10
4200,6
4201,8
4202,10
4203,6
4204,7
4205,3
4206,6
4207,0
4208,7
4209,0
4210,10
4211,10
4212,17
4213,3
4214,3
4215,0
4216,7
4217,7
4218,13
4219,3
4220,0
4221,0
4222,3
4223,8
4224,7
4225,0
4226,7
4227,8
4228,3
4229,0
4230,3
4231,0
4232,7
4233,7
4234,7
4235,11
4236,0
4237,7
4238,7
4239,0
4240,7
4241,0
4242,0
4243,7
4244,0
4245,14
4246,0
4247,0
4248,0
4249,13
4250,22
4251,3
4252,3
4253,0
4254,0
4255,3
4256,7
4257,11
4258,7
4259,6
4260,3
4261,7
4262,10
4263,17
4264,7
4265,14
4266,7
4267,6
4268,13
4269,9
4270,0
4271,0
4272,14
4273,14
4274,7
4275,7
4276,10
4277,7
4278,11
4279,5
4280,0
4281,3
4282,6
4283,6
4284,13
4285,10
4286,13
4287,15
4288,0
4289,0
4290,3
4291,7
4292,0
4293,7
4294,21
4295,10
4296,8
4297,0
4298,0
4299,23
4300,14
4301,0
4302,7
4303,3
4304,14
4305,7
4306,14
4307,0
4308,3
4309,0
4310,0
4311,6
4312,7
4313,3
4314,3
4315,10
4316,3
4317,7
4318,7
4319,14
4320,7
4321,12
4322,0
4323,3
4324,6
4325,13
4326,21
4327,10
4328,3
4329,7
4330,17
4331,7
4332,3
4333,0
4334,10
4335,10
4336,10
4337,0
4338,7
4339,7
4340,14
4341,8
4342,0
4343,7
4344,14
4345,0
4346,10
4347,7
4348,10
4349,7
4350,3
4351,0
4352,7
4353,10
4354,7
4355,6
4356,6
4357,3
4358,10
4359,3
4360,10
4361,6
4362,8
4363,3
4364,14
4365,8
4366,6
4367,14
4368,10
4369,6
4370,0
4371,7
4372,10
4373,6
4374,14
4375,7
4376,10
4377,10
4378,0
4379,17
4380,0
4381,0
4382,6
4383,0
4384,3
4385,15
4386,3
4387,10
4388,7
4389,12
4390,9
4391,0
4392,3
4393,3
4394,7
4395,0
4396,3
4397,7
4398,7
4399,7
4400,0
4401,14
4402,17
4403,8
4404,14
4405,17
4406,10
4407,6
4408,10
4409,0
4410,13
4411,7
4412,5
4413,7
4414,3
4415,0
4416,7
4417,9
4418,8
4419,3
4420,20
4421,7
4422,7
4423,3
4424,2
4425,9
4426,6
4427,7
4428,6
4429,0
4430,7
4431,0
4432,11
4433,7
4434,3
4435,0
4436,10
4437,6
4438,6
4439,6
4440,10
4441,13
4442,14
4443,0
4444,3
4445,7
4446,6
4447,11
4448,0
4449,7
4450,0
4451,0
4452,0
4453,3
4454,7
4455,12
4456,9
4457,12
4458,0
4459,0
4460,0
4461,3
4462,0
4463,21
4464,3
4465,6
4466,0
4467,0
4468,0
4469,0
4470,10
4471,0
4472,3
4473,3
4474,12
4475,7
4476,10
4477,10
4478,0
4479,11
4480,20
4481,15
4482,3
4483,7
4484,3
4485,7
4486,7
4487,7
4488,0
4489,0
4490,8
4491,7
4492,6
4493,3
4494,3
4495,3
4496,14
4497,9
4498,0
4499,19
4500,14
4501,10
4502,14
4503,3
4504,0
4505,11
4506,6
4507,10
4508,10
4509,0
4510,0
4511,6
4512,0
4513,3
4514,0
4515,21
4516,7
4517,3
4518,0
4519,7
4520,10
4521,0
4522,3
4523,10
4524,14
4525,6
4526,7
4527,3
4528,7
4529,7
4530,13
4531,3
4532,14
4533,7
4534,6
4535,6
4536,24
4537,14
4538,0
4539,7
4540,10
4541,0
4542,3
4543,13
4544,7
4545,3
4546,3
4547,7
4548,3
4549,10
4550,10
4551,10
4552,0
4553,0
4554,9
4555,9
4556,7
4557,0
4558,6
4559,0
4560,7
4561,3
4562,0
4563,7
4564,3
4565,3
4566,0
4567,10
4568,0
4569,10
4570,17
4571,7
4572,0
4573,6
4574,3
4575,20
4576,19
4577,3
4578,3
4579,6
4580,7
4581,14
4582,3
4583,0
4584,7
4585,14
4586,3
4587,27
4588,7
4589,10
4590,3
4591,7
4592,7
4593,0
4594,14
4595,7
4596,0
4597,0
4598,0
4599,3
4600,10
4601,7
4602,14
4603,0
4604,0
4605,7
4606,0
4607,6
4608,10
4609,3
4610,7
4611,6
4612,9
4613,6
4614,7
4615,3
4616,14
4617,10
4618,0
4619,0
4620,13
4621,7
4622,14
4623,3
4624,7
4625,14
4626,0
4627,3
4628,6
4629,7
4630,0
4631,7
4632,14
4633,7
4634,10
4635,7
4636,3
4637,3
4638,7
4639,10
4640,0
4641,11
4642,0
4643,0
4644,8
4645,7
4646,7
4647,3
4648,6
4649,6
4650,10
4651,0
4652,7
4653,9
4654,10
4655,0
4656,14
4657,7
4658,3
4659,14
4660,0
4661,3
4662,7
4663,0
4664,7
4665,17
4666,7
4667,7
4668,0
4669,10
4670,14
4671,14
4672,10
4673,7
4674,3
4675,12
4676,0
4677,13
4678,7
4679,7
4680,3
4681,0
4682,0
4683,7
4684,0
4685,3
4686,10
4687,3
4688,10
4689,6
4690,7
4691,7
4692,7
4693,10
4694,15
4695,7
4696,20
4697,3
4698,3
4699,11
4700,14
4701,14
4702,7
4703,0
4704,0
4705,12
4706,14
4707,7
4708,0
4709,7
4710,10
4711,3
4712,3
4713,7
4714,6
4715,7
4716,0
4717,0
4718,2
4719,11
4720,10
4721,3
4722,7
4723,0
4724,3
4725,7
4726,0
4727,0
4728,7
4729,8
4730,3
4731,10
4732,0
4733,7
4734,0
4735,0
4736,14
4737,7
4738,0
4739,3
4740,3
4741,0
4742,8
4743,0
4744,6
4745,3
4746,3
4747,0
4748,7
4749,0
4750,3
4751,3
4752,3
4753,7
4754,3
4755,7
4756,7
4757,0
4758,13
4759,7
4760,0
4761,7
4762,3
4763,7
4764,0
4765,17
4766,17
4767,7
4768,7
4769,8
4770,3
4771,3
4772,6
4773,14
4774,14
4775,7
4776,7
4777,7
4778,7
4779,0
4780,3
4781,22
4782,6
4783,14
4784,0
4785,0
4786,10
4787,10
4788,6
4789,0
4790,14
4791,0
4792,3
4793,0
4794,3
4795,3
4796,3
4797,0
4798,0
4799,7
4800,3
4801,7
4802,3
4803,0
4804,3
4805,14
4806,9
4807,9
4808,3
4809,3
4810,7
4811,0
4812,7
4813,14
4814,14
4815,3
4816,3
4817,14
4818,9
4819,3
4820,6
4821,7
4822,6
4823,7
4824,9
4825,6
4826,15
4827,0
4828,3
4829,7
4830,9
4831,14
4832,3
4833,3
4834,14
4835,3
4836,13
4837,7
4838,8
4839,7
4840,14
4841,7
4842,3
4843,11
4844,7
4845,3
4846,0
4847,0
4848,14
4849,3
4850,14
4851,6
4852,21
4853,14
4854,6
4855,17
4856,7
4857,0
4858,0
4859,17
4860,10
4861,7
4862,0
4863,3
4864,13
4865,7
4866,10
4867,6
4868,7
4869,9
4870,7
4871,7
4872,18
4873,21
4874,3
4875,7
4876,3
4877,3
4878,7
4879,3
4880,10
4881,3
4882,3
4883,3
4884,10
4885,7
4886,6
4887,3
4888,8
4889,0
4890,0
4891,7
4892,12
4893,10
4894,0
4895,0
4896,3
4897,6
4898,6
4899,3
4900,3
4901,0
4902,10
4903,14
4904,7
4905,21
4906,16
4907,14
4908,21
4909,3
4910,7
4911,0
4912,12
4913,9
4914,3
4915,0
4916,17
4917,3
4918,0
4919,0
4920,0
4921,7
4922,3
4923,7
4924,13
4925,0
4926,0
4927,7
4928,0
4929,3
4930,14
4931,10
4932,7
4933,0
4934,10
4935,13
4936,0
4937,0
4938,8
4939,6
4940,3
4941,14
4942,3
4943,0
4944,7
4945,0
4946,6
4947,18
4948,0
4949,7
4950,6
4951,14
4952,0
4953,7
4954,17
4955,0
4956,13
4957,0
4958,7
4959,9
4960,7
4961,17
4962,7
4963,0
4964,0
4965,6
4966,10
4967,0
4968,3
4969,7
4970,0
4971,3
4972,0
4973,0
4974,3
4975,10
4976,0
4977,0
4978,13
4979,7
4980,15
4981,7
4982,0
4983,18
4984,14
4985,10
4986,6
4987,3
4988,7
4989,18
4990,10
4991,0
4992,7
4993,0
4994,14
4995,3
4996,6
4997,10
4998,0
4999,3
5000,15
5001,0
5002,0
5003,7
5004,9
5005,15
5006,3
5007,7
5008,10
5009,0
5010,11
5011,3
5012,9
5013,10
5014,11
5015,10
5016,3
5017,10
5018,3
5019,7
5020,7
5021,6
5022,8
5023,3
5024,6
5025,0
5026,7
5027,0
5028,6
5029,3
5030,7
5031,3
5032,6
5033,8
5034,19
5035,0
5036,14
5037,12
5038,7
5039,17
5040,17
5041,0
5042,7
5043,3
5044,0
5045,12
5046,11
5047,6
5048,0
5049,8
5050,14
5051,0
5052,6
5053,7
5054,6
5055,14
5056,10
5057,7
5058,10
5059,14
5060,7
5061,12
5062,7
5063,21
5064,10
5065,7
5066,3
5067,8
5068,11
5069,7
5070,7
5071,0
5072,3
5073,0
5074,8
5075,7
5076,6
5077,10
5078,20
5079,7
5080,9
5081,0
5082,7
5083,0
5084,0
5085,3
5086,3
5087,8
5088,3
5089,3
5090,7
5091,10
5092,7
5093,15
5094,7
5095,0
5096,0
5097,14
5098,7
5099,10
5100,6
5101,7
5102,6
5103,10
5104,7
5105,0
5106,7
5107,0
5108,0
5109,6
5110,10
5111,14
5112,16
5113,0
5114,24
5115,7
5116,6
5117,6
5118,0
5119,7
5120,0
5121,3
5122,6
5123,7
5124,7
5125,0
5126,6
5127,3
5128,15
5129,13
5130,7
5131,3
5132,3
5133,6
5134,3
5135,3
5136,10
5137,0
5138,8
5139,0
5140,7
5141,7
5142,7
5143,3
5144,13
5145,0
5146,13
5147,0
5148,0
5149,7
5150,10
5151,3
5152,6
5153,7
5154,7
5155,7
5156,18
5157,14
5158,10
5159,10
5160,10
5161,0
5162,3
5163,0
5164,3
5165,0
5166,0
5167,0
5168,0
5169,8
5170,7
5171,7
5172,7
5173,0
5174,3
5175,3
5176,14
5177,0
5178,21
5179,7
5180,6
5181,3
5182,7
5183,7
5184,0
5185,13
5186,10
5187,7
5188,7
5189,8
5190,0
5191,0
5192,3
5193,7
5194,10
5195,0
5196,7
5197,0
5198,7
5199,13
5200,6
5201,6
5202,2
5203,0
5204,7
5205,0
5206,3
5207,14
5208,7
5209,0
5210,7
5211,8
5212,6
5213,7
5214,7
5215,0
5216,0
5217,0
5218,0
5219,10
5220,0
5221,3
5222,7
5223,10
5224,7
5225,7
5226,7
5227,0
5228,6
5229,9
5230,3
5231,0
5232,0
5233,13
5234,14
5235,14
5236,3
5237,3
5238,3
5239,0
5240,14
5241,0
5242,0
5243,9
5244,10
5245,13
5246,7
5247,3
5248,6
5249,0
5250,10
5251,9
5252,0
5253,7
5254,13
5255,7
5256,3
5257,6
5258,0
5259,7
5260,14
5261,0
5262,3
5263,3
5264,17
5265,7
5266,7
5267,7
5268,20
5269,0
5270,10
5271,7
5272,14
5273,10
5274,14
5275,14
5276,7
5277,19
5278,14
5279,10
5280,14
5281,6
5282,6
5283,0
5284,0
5285,7
5286,23
5287,10
5288,0
5289,3
5290,0
5291,3
5292,7
5293,9
5294,3
5295,0
5296,3
5297,3
5298,10
5299,10
5300,7
5301,6
5302,13
5303,0
5304,7
5305,12
5306,7
5307,17
5308,14
5309,0
5310,0
5311,0
5312,7
5313,0
5314,0
5315,3
5316,6
5317,0
5318,6
5319,0
5320,0
5321,7
5322,13
5323,0
